# Target Sample Rate: 100 Hz,,,,
# Max Device Sample Rate: 400 Hz,,,,
# Recording started at: 2026-02-07 14:05:53.723,,,,
time,ax (m/s^2),ay (m/s^2),az (m/s^2),aT (m/s^2)
0.018544,-0.0758,0.0706,0.2675,0.29
0.0355,-0.2555,0.256,-0.1179,0.38
0.047618,-0.1614,0.2227,-0.0038,0.28
0.065122,-0.0887,0.225,0.0821,0.26
0.066614,-0.1832,0.369,0.0565,0.42
0.081417,-0.2537,0.3449,-0.1597,0.46
0.086867,-0.0587,0.132,-0.3798,0.41
0.099685,0.207,0.0819,-0.29,0.37
0.114366,0.3723,0.1639,-0.0556,0.41
0.116996,0.3439,0.2186,0.0593,0.41
0.130701,0.2268,0.23,0.1782,0.37
0.137988,0.137,0.1726,0.1736,0.28
0.1477,0.0323,0.1397,0.0922,0.17
0.164822,-0.1716,0.1994,0.0911,0.28
0.167509,-0.2355,0.289,0.1992,0.42
0.18217,-0.1646,0.3161,0.2113,0.41
0.187583,-0.145,0.1918,0.1754,0.3
0.198061,-0.2378,0.0702,0.2052,0.32
0.215206,-0.2176,0.0063,0.3667,0.43
0.217797,-0.17,-0.0377,0.5206,0.55
0.23267,-0.0857,-0.0223,0.7861,0.79
0.2379,0.0585,0.0057,1.0033,1
0.25108,0.0433,0.0298,0.9571,0.96
0.265966,-0.0529,-0.0353,0.6967,0.7
0.26802,-0.1151,-0.1109,0.3446,0.38
0.282814,-0.0735,-0.1553,0.1601,0.23
0.288359,0.0321,-0.2277,0.1547,0.28
0.298404,0.1581,-0.3037,0.2421,0.42
0.314182,0.1782,-0.3682,0.34,0.53
0.318391,0.1211,-0.3235,0.39,0.52
0.3313,-0.0449,-0.2202,0.5078,0.56
0.339499,-0.1612,-0.0877,0.5673,0.6
0.349501,-0.2537,-0.0395,0.6329,0.68
0.365701,-0.3182,0.0331,0.4877,0.58
0.368899,-0.3365,-0.038,0.0981,0.35
0.382622,-0.2482,-0.1218,-0.1421,0.31
0.400817,-0.1192,-0.0795,-0.2264,0.27
0.416238,-0.1917,-0.0407,0.0011,0.2
0.431318,-0.1348,-0.1899,0.6416,0.68
0.439801,-0.2139,-0.1058,0.9205,0.95
0.449865,-0.3165,-0.2281,1.2496,1.31
0.465455,-0.4267,-0.5047,1.5702,1.7
0.469898,-0.7379,-0.7027,1.7591,2.03
0.482026,-1.0889,-0.7921,1.9075,2.33
0.50037,-1.4796,-0.793,1.9333,2.56
0.50061,-1.7502,-0.7551,1.8079,2.63
0.515129,-1.9731,-0.8585,1.8118,2.81
0.519944,-1.9067,-1.0163,1.6782,2.74
0.536415,-1.6624,-1.2118,1.4039,2.49
0.554002,-1.0807,-1.238,0.5803,1.74
0.564972,-0.8435,-0.9793,-1.0347,1.66
0.583148,-1.3079,-0.8845,-2.0751,2.61
0.595529,-1.3769,-0.7378,-2.615,3.05
0.600433,-0.588,-1.4553,-7.2074,7.38
0.612589,0.2709,-1.2391,-10.8233,10.9
0.620645,-2.0197,2.7783,-0.4348,3.46
0.632916,-1.9771,0.8568,1.3464,2.54
0.643699,-1.5438,-1.3654,1.7872,2.73
0.650712,-1.9459,-1.2668,5.1746,5.67
0.662169,-2.2917,-1.2836,3.0413,4.02
0.670939,-2.5792,-0.8038,-1.0471,2.9
0.681431,-0.1896,0.4867,-5.3939,5.42
0.697505,1.2516,1.7656,-9.5517,9.79
0.701233,0.9401,2.624,-10.584,10.94
0.715479,0.9487,2.7352,-9.6734,10.1
0.721399,1.2661,2.1004,-7.256,7.66
0.732163,1.1894,1.6082,-4.452,4.88
0.76784,1.1208,0.9696,-2.3584,2.79
0.781961,-1.5295,0.8165,0.998,2
0.794614,-1.9636,1.2608,1.6765,2.87
0.801777,-1.1079,0.6762,1.8154,2.23
0.813689,-0.1097,0.2472,1.3399,1.37
0.822059,-0.1683,0.1684,0.5742,0.62
0.832657,-0.5477,0.4865,-0.3502,0.81
0.849043,-1.1091,0.6303,-1.1487,1.72
0.852083,-1.3249,0.6856,-1.4291,2.07
0.864678,-1.343,0.7345,-1.2979,2.01
0.882114,-0.4913,0.0928,-0.5752,0.76
0.88278,-0.0236,-0.4322,-1.9632,2.01
0.898922,0.5718,-0.3267,-2.6213,2.7
0.902684,0.5864,0.0792,-2.3144,2.39
0.915435,0.521,-0.1719,-1.6236,1.71
0.923563,-0.6779,0.362,-0.6094,0.98
0.933838,-1.7865,1.5364,-0.1647,2.36
0.949154,-1.6927,1.5692,0.17,2.31
0.952994,-1.4502,0.9913,0.5052,1.83
0.963812,-1.3397,0.4143,0.7411,1.59
0.982285,-0.7739,-0.1372,0.8617,1.17
0.983531,-0.2894,-0.3586,1.0407,1.14
0.998358,0.1833,-0.7159,0.9369,1.19
1.003446,0.3464,-1.112,0.3416,1.21
1.014843,0.1884,-1.27,-0.2871,1.32
1.032484,0.1882,-1.3321,-0.898,1.62
1.033885,1.1192,-1.4218,-1.1475,2.14
1.048002,1.7263,-1.5649,-1.6675,2.87
1.053771,1.7329,-1.5536,-1.5267,2.78
1.064905,1.865,-1.5118,-0.8712,2.55
1.085119,2.145,-1.4451,-0.284,2.6
1.085288,2.3936,-1.4303,-0.0543,2.79
1.101642,2.4175,-1.4925,-0.1098,2.84
1.104235,2.1868,-1.5283,-0.6046,2.74
1.11621,0.5012,-0.8045,-0.6406,1.14
1.13149,-0.8145,-0.4936,-1.6267,1.88
1.134492,-2.9427,0.6527,0.1909,3.02
1.146805,-1.2544,0.1216,-0.3543,1.31
1.155211,-0.7862,0.305,0.0942,0.85
1.165042,-0.5411,0.3557,0.1977,0.68
1.182444,-0.0133,0.2143,0.4334,0.48
1.18498,0.5661,-0.1619,0.4056,0.71
1.198058,0.2914,-0.0174,0.1945,0.35
1.205658,-0.0994,0.4574,-0.1617,0.5
1.214999,-0.382,0.5277,-0.4296,0.78
1.23139,-0.364,0.0511,-0.4274,0.56
1.235336,-0.4273,-0.2334,-0.2108,0.53
1.248431,-0.3219,-0.1059,-0.1285,0.36
1.255989,-0.1643,0.2171,-0.1057,0.29
1.265827,-0.0043,0.7203,-0.2177,0.75
1.283716,-0.0993,0.9661,-0.1084,0.98
1.285596,-0.115,1.1893,-0.0027,1.19
1.299658,-0.7114,1.6822,0.173,1.83
1.305644,-0.5127,1.8109,0.3573,1.92
1.315704,-0.7424,2.0904,0.6475,2.31
1.33167,-1.1088,2.6134,0.9135,2.98
1.335868,-1.4531,3.5292,0.7112,3.88
1.347766,-2.3645,4.1039,0.5145,4.76
1.356393,-2.8594,3.8701,0.5766,4.85
1.366187,-2.756,3.6558,0.8433,4.66
1.383211,-2.3941,3.8146,0.9413,4.6
1.386251,-1.8273,3.7603,0.7578,4.25
1.400638,-1.6542,3.3236,0.4537,3.74
1.416398,-1.4802,3.7123,0.0563,4
1.416881,-1.2918,4.0977,-0.1803,4.3
1.431112,-1.2637,3.9623,-0.2638,4.17
1.436664,-1.7599,4.5897,-0.4836,4.94
1.446784,-2.2642,4.9519,-1.2107,5.58
1.464782,-2.3909,5.018,-1.5264,5.76
1.466885,-2.379,4.9991,-1.563,5.75
1.481151,-2.6476,4.6148,-1.0378,5.42
1.48656,-2.696,4.3242,-0.5988,5.13
1.497456,-0.8856,2.5813,-0.4545,2.77
1.514299,-0.4338,-0.4024,-0.305,0.67
1.516679,0.4909,-4.5611,-0.5603,4.62
1.531041,2.4578,-10.0187,-0.3262,10.32
1.543158,3.1836,-14.3354,-1.335,14.75
1.556086,1.8746,-18.1291,-0.0272,18.23
1.558579,0.3339,-20.8504,0.6155,20.86
1.566996,-1.0299,-19.0941,0.4872,19.13
1.58451,0.0235,-12.0184,-0.4083,12.03
1.588504,0.8408,-7.3664,-0.2277,7.42
1.597302,3.0225,-0.1025,-1.1276,3.23
1.612849,3.3522,2.8609,-0.979,4.51
1.617973,3.0969,3.3295,-0.2304,4.55
1.629698,2.7911,3.3386,-0.5595,4.39
1.637999,2.1447,2.9174,-0.9704,3.75
1.647642,1.0228,1.6317,-0.9318,2.14
1.660561,-0.1852,0.2067,-0.4694,0.55
1.667842,-0.4962,-0.0943,-0.6433,0.82
1.679312,-0.9811,-0.1978,-0.7972,1.28
1.688609,-1.1571,-0.1724,-1.1485,1.64
1.69897,-1.4038,0.1786,-1.362,1.96
1.717858,-1.5835,0.6368,-1.0795,2.02
1.737498,-1.6174,1.2442,-0.2424,2.05
1.738777,-1.429,1.4722,0.32,2.08
1.750799,-1.0119,1.4332,0.3464,1.79
1.763995,-0.3226,0.7173,-0.0595,0.79
1.768816,0.3399,-0.1323,-0.4,0.54
1.779649,0.6859,-0.6493,-0.5699,1.1
1.789439,0.8598,-0.7089,-0.6624,1.3
1.799132,0.8606,-0.4661,-0.5367,1.12
1.813425,0.8257,-0.0685,-0.4263,0.93
1.819075,0.79,0.2716,-0.3518,0.91
1.830745,0.8751,0.5102,-0.2395,1.04
1.839888,1.0782,0.5218,-0.144,1.21
1.849757,1.2627,0.2519,-0.1322,1.29
1.864238,1.4163,-0.0642,-0.1809,1.43
1.869718,1.4561,-0.4835,-0.2792,1.56
1.881884,1.5239,-1.0067,-0.3348,1.86
1.890242,1.6313,-1.5304,-0.3698,2.27
1.900426,1.6648,-1.9297,-0.3801,2.58
1.915865,1.7824,-2.2574,-0.3593,2.9
1.919975,1.8462,-2.4736,-0.3979,3.11
1.933361,1.9263,-2.6301,-0.4446,3.29
1.949659,2.054,-2.6984,-0.508,3.43
1.95072,2.0808,-2.5698,-0.6542,3.37
1.96622,2.0353,-2.2287,-0.7948,3.12
1.97046,1.9183,-1.7099,-0.9367,2.74
1.982522,1.7802,-1.2106,-1.1189,2.43
1.999411,1.6732,-0.7683,-1.2962,2.25
2.000935,1.553,-0.3525,-1.4552,2.16
2.01591,1.4446,0.0206,-1.6126,2.17
2.020979,1.3355,0.3452,-1.8441,2.3
2.032712,1.3461,0.5567,-2.3685,2.78
2.049996,1.3824,0.446,-3.1134,3.44
2.051148,1.6387,0.1738,-3.8687,4.21
2.06633,1.9614,-0.1742,-5.0028,5.38
2.071584,2.1737,-0.4737,-5.8302,6.24
2.081943,2.1187,-0.5961,-5.8059,6.21
2.097846,1.3275,-0.4294,-4.8715,5.07
2.101346,0.3169,-0.2355,-3.5929,3.61
2.113941,-0.4545,-0.4216,-1.8333,1.94
2.121869,-1.1699,-1.0045,0.0323,1.54
2.13151,-1.8456,-1.6904,1.3637,2.85
2.149512,-2.7298,-2.4641,2.1192,4.24
2.151719,-3.2637,-3.1221,2.5786,5.2
2.166293,-3.769,-3.7596,3.0578,6.14
2.17194,-4.1548,-4.2254,3.8689,7.08
2.182835,-4.152,-4.0991,5.0742,7.73
2.200263,-3.856,-3.5056,6.9727,8.71
2.202145,-3.4208,-2.3453,7.8634,8.89
2.216658,-2.707,-1.1295,6.7541,7.36
2.222055,-1.8719,-0.4063,4.6078,4.99
2.232785,-1.1559,0.3559,3.2162,3.44
2.250126,-0.4946,1.0832,2.0973,2.41
2.252609,0.2177,1.5775,0.1974,1.6
2.265747,0.9807,1.9038,-1.4857,2.61
2.273322,1.3976,2.0914,-1.5486,2.95
2.283329,1.6797,2.2965,-0.4463,2.88
2.299751,1.6943,2.1999,1.0635,2.97
2.302735,1.6267,1.9205,2.2418,3.37
2.316804,0.6252,1.6332,2.6658,3.19
2.332521,-0.891,1.7189,2.2642,2.98
2.333279,-1.8556,1.7967,2.0636,3.31
2.34989,-2.2342,1.9033,2.1755,3.65
2.353202,-2.2062,1.8977,2.3325,3.73
2.365789,-1.9295,1.7826,2.3235,3.51
2.382995,-1.7345,1.817,2.1381,3.3
2.383609,-1.4898,1.844,2.0053,3.11
2.399746,-1.2497,1.9146,2.045,3.07
2.403476,-1.0209,1.8986,2.1548,3.05
2.415925,-0.6924,1.7906,2.169,2.9
2.433219,-0.3352,1.6379,1.9628,2.58
2.434048,0.0107,1.543,1.5631,2.2
2.449835,0.3808,1.3662,1.1004,1.8
2.453909,0.6407,1.2184,0.5587,1.49
2.465994,1.0772,1.0324,-0.0139,1.49
2.482548,1.5969,0.772,-0.8359,1.96
2.484251,2.2141,0.4491,-2.0978,3.08
2.499797,2.8688,-0.1109,-3.2849,4.36
2.504289,3.3967,-0.8626,-3.7342,5.12
2.516727,3.654,-1.5526,-3.3873,5.22
2.533181,3.5667,-2.1282,-2.6417,4.92
2.534305,3.1167,-2.3382,-2.1532,4.45
2.549695,2.4206,-1.9494,-2.2151,3.82
2.568465,2.1402,-1.3477,-2.057,3.26
2.581102,1.5658,-0.1653,-1.302,2.04
2.595034,1.2858,0.3431,-0.8525,1.58
2.604955,0.3627,1.1837,0.3164,1.28
2.614886,-0.0334,1.5018,1.0151,1.81
2.62799,-0.3094,1.6233,1.6586,2.34
2.634931,-0.4889,0.9467,2.05,2.31
2.64513,-0.5705,-0.589,2.0997,2.25
2.655331,-0.6169,-2.3573,1.6248,2.93
2.66532,-0.3701,-3.9437,0.5112,3.99
2.677806,0.1306,-5.3894,-0.8323,5.45
2.685302,0.8605,-6.1492,-2.3086,6.62
2.696637,1.8285,-6.2194,-3.1052,7.19
2.705973,2.0274,-5.0226,-2.5869,6
2.716059,0.5041,-2.3502,-1.2251,2.7
2.735102,-1.5726,0.03,0.6271,1.69
2.735904,-2.9591,1.3147,1.288,3.48
2.75659,-3.6339,2.1936,1.3169,4.44
2.756735,-4.076,2.6315,1.0565,4.97
2.766535,-4.3165,2.3241,0.5961,4.94
2.781443,-4.4851,1.5692,0.3642,4.77
2.786089,-4.5178,0.6666,0.4144,4.59
2.797642,-4.503,-0.1116,0.6512,4.55
2.806581,-4.5623,-0.5948,0.948,4.7
2.816743,-4.626,-0.9046,1.2874,4.89
2.833691,-4.5157,-0.9821,1.6355,4.9
2.836736,-4.3749,-0.846,1.8154,4.81
2.848507,-4.0531,-0.271,1.7614,4.43
2.863833,-3.5427,0.2478,1.6426,3.91
2.866654,-2.9789,0.4325,1.5456,3.38
2.881163,-2.3535,0.4306,1.5265,2.84
2.88684,-1.9659,0.4503,1.5039,2.52
2.897228,-1.6088,0.4747,1.5844,2.31
2.914738,-1.3589,0.4785,1.6909,2.22
2.917108,-1.103,0.3617,1.8588,2.19
2.9303,-0.8684,0.1516,1.983,2.17
2.937572,-0.3897,-0.0901,1.9724,2.01
2.947646,0.1009,-0.3399,1.9282,1.96
2.968289,0.2946,-0.4983,1.8511,1.94
2.968498,0.4615,-0.4405,1.7471,1.86
2.983702,0.5786,-0.1981,1.6805,1.79
2.987748,0.6087,0.0551,1.4202,1.55
2.999742,0.6928,0.2142,1.1025,1.32
3.015368,0.8321,0.3068,0.7821,1.18
3.018297,1.136,0.326,0.3853,1.24
3.030441,1.2916,0.2725,0.1283,1.33
3.037861,1.5171,0.1514,-0.0748,1.53
3.048169,1.7988,0.0201,-0.366,1.84
3.063824,1.9447,-0.1209,-0.5246,2.02
3.068334,2.1025,-0.2026,-0.8106,2.26
3.081263,2.206,-0.1983,-1.1017,2.47
3.089261,2.3145,-0.0966,-1.2828,2.65
3.098609,2.4149,0.019,-1.4654,2.82
3.115369,2.5494,0.3072,-1.4626,2.96
3.118519,2.5673,0.4589,-1.4186,2.97
3.130212,2.6842,0.5472,-1.3649,3.06
3.139155,2.7742,0.5969,-1.2066,3.08
3.148993,2.8491,0.61,-1.0647,3.1
3.165608,2.7446,0.4222,-0.9928,2.95
3.169055,2.5408,0.3035,-0.9275,2.72
3.183526,2.3166,0.2688,-0.9549,2.52
3.189196,2.0938,0.2792,-1.0269,2.35
3.199856,1.9918,0.2624,-1.091,2.29
3.216003,1.867,0.3091,-1.1464,2.21
3.219271,1.746,0.3174,-1.1509,2.12
3.232336,1.632,0.1911,-1.2355,2.06
3.239792,1.4556,-0.0163,-1.2257,1.9
3.249705,1.3448,-0.2181,-1.182,1.8
3.264604,1.3013,-0.3602,-1.1068,1.75
3.272982,1.3706,-0.4383,-1.0247,1.77
3.280802,1.2679,-0.6291,-0.9577,1.71
3.297114,1.1207,-0.8889,-0.8917,1.69
3.299728,1.0414,-1.3001,-0.7995,1.85
3.313633,0.9875,-1.63,-0.6557,2.02
3.319985,0.8551,-1.9221,-0.5584,2.18
3.33129,0.7258,-1.9833,-0.4255,2.15
3.34789,0.7478,-2.2864,-0.2742,2.42
3.350393,1.083,-2.9456,-0.0244,3.14
3.368875,1.7428,-3.4123,0.3502,3.85
3.381084,2.4397,-3.2713,0.3205,4.09
3.394813,2.6324,-2.8674,0.0919,3.89
3.400606,2.746,-2.4145,-0.2971,3.67
3.412628,2.6955,-2.0488,-0.8413,3.49
3.420926,2.5145,-1.6085,-1.6556,3.41
3.43091,2.4693,-1.288,-2.6942,3.87
3.448173,2.1911,-1.0797,-3.9232,4.62
3.451356,1.9935,-0.9685,-5.4612,5.89
3.465426,2.0243,-1.0466,-8.7972,9.09
3.471152,1.457,-1.1837,-11.6673,11.82
3.484291,0.1555,-1.078,-9.67,9.73
3.504573,-1.0926,-1.1957,-5.3558,5.6
3.504719,-1.827,-1.5288,-2.2051,3.25
3.516686,-2.2223,-1.8209,-0.3833,2.9
3.521385,-2.7927,-2.2608,1.1926,3.79
3.531635,-3.576,-2.8313,2.1196,5.03
3.547411,-3.9845,-3.4,2.8816,5.98
3.551909,-4.4341,-4.0184,4.0315,7.22
3.564017,-4.7685,-4.4029,4.5461,7.92
3.574574,-4.7094,-4.6731,4.178,7.84
3.58689,-4.5451,-4.4181,3.7918,7.39
3.601521,-4.77,-3.5725,4.0123,7.18
3.601752,-4.93,-2.1559,4.1565,6.8
3.613658,-5.015,-0.9493,4.2596,6.65
3.622202,-4.6873,-0.1144,4.4825,6.49
3.632157,-4.0853,0.4057,5.0283,6.49
3.643985,-3.8367,0.9264,5.0622,6.42
3.65244,-3.6096,1.3264,4.8851,6.22
3.662424,-3.4455,1.8317,4.4844,5.94
3.672434,-3.0967,2.0485,4.1822,5.59
3.682547,-2.6735,2.0063,3.5559,4.88
3.694788,-2.2762,1.7758,2.4916,3.81
3.702727,-1.6878,1.4028,0.9872,2.41
3.715032,-0.9745,1.1345,-0.3106,1.53
3.723726,-0.361,0.8693,-1.056,1.41
3.732897,0.0984,0.7882,-0.9795,1.26
3.750009,0.1934,0.7738,-0.7128,1.07
3.753407,-0.706,1.0463,-0.0977,1.27
3.769027,-1.9483,1.5449,0.4391,2.52
3.781652,-2.7279,1.9025,0.9195,3.45
3.783296,-3.3117,2.0591,1.2956,4.11
3.796831,-3.5228,2.2795,1.8237,4.58
3.804254,-3.3981,2.5049,2.2429,4.78
3.813701,-3.1714,2.6595,2.2595,4.72
3.830322,-2.7337,2.6222,2.1143,4.34
3.833647,-2.0367,2.4299,1.8278,3.66
3.84711,-1.1148,2.1975,1.3889,2.83
3.853829,-0.0218,1.9791,0.8257,2.14
3.863895,0.8593,1.5419,-0.1012,1.77
3.881074,1.9033,0.9997,-1.5136,2.63
3.884015,3.3026,0.0851,-3.3497,4.7
3.897445,5.0982,-1.1403,-5.2365,7.4
3.90489,6.7746,-2.5088,-6.2392,9.55
3.91451,7.4331,-3.7195,-4.4747,9.44
3.930722,7.2513,-4.433,-1.5478,8.64
3.93635,5.405,-3.9451,-0.9143,6.75
3.953127,3.1382,-2.4106,-1.6573,4.29
3.954521,1.6728,-0.8432,-1.6588,2.5
3.964914,0.6276,0.5351,-1.3829,1.61
3.979121,-0.1708,1.512,-1.126,1.89
3.984848,-0.8253,1.8706,-0.3111,2.07
3.99526,-1.3538,0.1463,0.4172,1.42
4.005223,-1.79,-2.2187,0.4299,2.88
4.015058,-1.7305,-4.173,-0.1712,4.52
4.03153,-1.127,-5.7507,-0.3997,5.87
4.035064,-0.158,-6.6415,-0.0559,6.64
4.04873,0.5329,-6.4008,0.6711,6.46
4.05521,0.3606,-4.679,0.8618,4.77
4.065833,-0.8226,-2.1969,0.9797,2.54
4.082194,-2.0454,-0.12,1.1971,2.37
4.085225,-2.8048,1.3407,1.0868,3.29
4.097507,-3.3408,2.4031,0.7468,4.18
4.105455,-3.7437,2.8142,0.6346,4.73
4.116565,-3.9378,2.3817,0.673,4.65
4.129182,-4.0138,1.4533,0.6572,4.32
4.135561,-4.0271,0.6248,0.7157,4.14
4.14705,-4.1087,0.071,0.82,4.19
4.155763,-4.3169,-0.2895,1.0094,4.44
4.167348,-4.4219,-0.6848,1.2224,4.64
4.179751,-4.6117,-0.8982,1.2804,4.87
4.185957,-4.6069,-0.6235,1.1834,4.8
4.196087,-4.2965,-0.066,1.075,4.43
4.206398,-3.4659,0.3311,1.055,3.64
4.21655,-2.8471,0.4006,1.131,3.09
4.230889,-2.3901,0.6718,1.2374,2.77
4.236835,-2.1971,0.8605,1.4071,2.75
4.247055,-2.0621,0.8623,1.6553,2.78
4.26427,-1.744,0.5878,1.9255,2.66
4.266892,-1.4321,0.2553,2.0433,2.51
4.280875,-1.061,-0.0337,2.1547,2.4
4.286764,-0.5627,-0.2909,2.197,2.29
4.297222,-0.3467,-0.4825,2.0533,2.14
4.313766,-0.0574,-0.4659,1.8674,1.93
4.317422,0.0758,-0.3764,1.7164,1.76
4.330099,0.2112,-0.1753,1.4665,1.49
4.337962,0.2127,0.0667,1.0636,1.09
4.347383,0.3599,0.1518,0.7203,0.82
4.364981,0.6906,0.1357,0.3833,0.8
4.367689,0.8933,0.0352,0.2251,0.92
4.382429,1.2523,0.055,-0.0621,1.26
4.387664,1.5051,0.0778,-0.3203,1.54
4.399495,1.5994,0.0022,-0.5211,1.68
4.414755,1.8579,0.016,-0.8544,2.04
4.41786,2.0282,-0.0513,-1.0419,2.28
4.430039,2.2538,-0.1198,-1.2658,2.59
4.438614,2.5371,-0.134,-1.4095,2.91
4.448075,2.7696,-0.1315,-1.5211,3.16
4.464105,2.942,-0.0094,-1.6082,3.35
4.46896,3.092,0.1323,-1.6927,3.53
4.480579,3.0167,0.3181,-1.5913,3.43
4.489337,2.9254,0.5278,-1.5651,3.36
4.498503,2.7391,0.7093,-1.5538,3.23
4.514834,2.4655,0.8267,-1.5538,3.03
4.518505,2.2244,0.8902,-1.4687,2.81
4.529468,2.0224,0.8848,-1.4486,2.64
4.539328,1.8908,0.6785,-1.3505,2.42
4.548999,1.7409,0.3953,-1.3451,2.24
4.564297,1.5294,0.2479,-1.351,2.06
4.569177,1.2905,0.0555,-1.3293,1.85
4.580218,1.3098,-0.1446,-1.2502,1.82
4.59233,1.181,-0.3958,-1.2394,1.76
4.599557,1.0117,-0.4539,-1.2147,1.64
4.616057,0.8598,-0.4911,-1.1927,1.55
4.619026,0.8047,-0.5674,-1.14,1.51
4.636384,0.7739,-0.6718,-1.0554,1.47
4.639493,0.6772,-0.8052,-0.9376,1.41
4.64955,0.503,-0.9925,-0.8773,1.42
4.661871,0.1657,-1.147,-0.8066,1.41
4.669774,-0.1658,-1.2517,-0.7481,1.47
4.679728,-0.2984,-1.3588,-0.7512,1.58
4.696253,-0.2407,-1.6093,-0.6648,1.76
4.700751,0.0259,-2.2077,-0.481,2.26
4.711666,0.3752,-2.9155,-0.262,2.95
4.719894,0.8605,-3.3233,0.0102,3.43
4.730756,1.4255,-3.387,0.2304,3.68
4.740773,1.857,-3.305,0.2185,3.8
4.750575,2.131,-3.0287,-0.0314,3.7
4.76389,2.379,-2.5698,-0.2823,3.51
4.770507,2.4355,-2.1633,-0.6496,3.32
4.78085,2.5192,-1.6349,-1.0373,3.18
4.796975,2.4866,-1.0904,-1.6705,3.19
4.800667,2.3112,-0.469,-2.6071,3.52
4.81241,2.1314,0.0021,-3.6832,4.26
4.820941,2.0171,0.3344,-5.369,5.75
4.830939,2.3156,0.2765,-10.0127,10.28
4.847847,1.9045,-0.0809,-12.183,12.33
4.851287,0.7035,-0.1808,-7.759,7.79
4.865536,-0.197,-0.6587,-3.3207,3.39
4.871207,-1.0168,-1.1049,-0.2397,1.52
4.882162,-1.2576,-1.5596,1.5954,2.56
4.89955,-1.9442,-2.3447,2.8508,4.17
4.914324,-3.0788,-4.049,3.2717,6.05
4.921789,-3.365,-4.6599,3.4422,6.7
4.931596,-3.9475,-5.1818,3.6922,7.49
4.946539,-4.1536,-5.4065,3.8627,7.84
4.951805,-4.1077,-4.7551,4.115,7.51
4.963135,-4.0181,-3.2812,4.305,6.74
4.972682,-3.5912,-1.8332,4.8596,6.31
4.981893,-3.0239,-0.7119,4.9845,5.87
4.996466,-2.4145,0.0863,4.7446,5.32
5.002002,-2.335,0.7522,4.5528,5.17
5.014196,-2.1707,1.323,4.4915,5.16
5.022373,-2.0058,1.7501,4.231,5
5.032797,-1.8311,1.8567,3.4995,4.36
5.04754,-1.5729,1.7855,3.1116,3.92
5.058228,-1.3904,1.5621,2.8897,3.57
5.067941,-1.3484,1.3443,2.6618,3.27
5.072449,-1.329,1.248,2.3218,2.95
5.082532,-1.4846,1.1671,1.6848,2.53
5.095961,-1.8039,1.027,0.6981,2.19
5.103232,-2.3432,1.0282,0.0017,2.56
5.113577,-2.9489,1.1891,-0.0888,3.18
5.12331,-3.5301,1.438,0.2863,3.82
5.133753,-3.9381,1.7284,0.6887,4.36
5.148731,-4.1498,1.9717,0.8892,4.68
5.15348,-4.2123,2.1343,1.0494,4.84
5.164096,-3.9137,2.173,1.2312,4.64
5.174051,-3.2623,2.0206,1.3752,4.08
5.183522,-2.3357,1.8561,1.4263,3.31
5.196265,-1.2132,1.5611,1.224,2.33
5.203729,-0.0037,1.2281,1.1055,1.65
5.213896,1.2216,0.8424,0.6608,1.62
5.230358,2.1399,0.4613,-0.7288,2.31
5.233916,3.0489,0.1395,-2.1968,3.76
5.247157,4.0797,-0.3895,-3.544,5.42
5.254812,5.0529,-1.0525,-4.4984,6.85
5.264325,5.5507,-1.8456,-3.8401,7
5.280147,5.0796,-2.4082,-2.4026,6.11
5.283992,4.0844,-2.6266,-1.4741,5.07
5.29632,2.3805,-2.0391,-1.5947,3.52
5.304599,1.1188,-1.1325,-1.4474,2.15
5.31453,0.4319,-0.2591,-1.2594,1.36
5.330908,0.0181,0.4952,-1.1291,1.23
5.334577,-0.3019,1.2073,-0.9408,1.56
5.346867,-0.3371,1.7453,-0.2236,1.79
5.355493,-0.0363,1.5936,0.6826,1.73
5.364891,0.2381,0.1318,1.2565,1.29
5.380907,0.3408,-1.6971,1.371,2.21
5.384895,0.567,-2.9981,0.964,3.2
5.397213,1.1597,-3.6314,0.6048,3.86
5.405721,1.8048,-3.812,0.5142,4.25
5.415045,1.8527,-3.5889,0.354,4.05
5.429587,1.0638,-3.1933,-0.2356,3.37
5.435257,-0.0453,-2.8961,-0.2535,2.91
5.446969,-1.1067,-2.5289,0.3399,2.78
5.455915,-1.9402,-2.0082,0.6473,2.87
5.465502,-2.616,-1.2673,0.6787,2.98
5.480921,-3.1295,-0.6134,0.5374,3.23
5.485386,-3.6752,-0.1427,0.4085,3.7
5.496184,-3.9263,0.1394,0.3867,3.95
5.505712,-4.1681,0.325,0.4077,4.2
5.515836,-4.2923,0.5301,0.5769,4.36
5.530599,-4.4351,0.7942,0.7022,4.56
5.535932,-4.4147,1.0575,0.8405,4.62
5.547791,-4.5151,1.3132,0.975,4.8
5.556592,-4.5988,1.5402,1.1398,4.98
5.566139,-4.6788,1.704,1.2934,5.14
5.580295,-4.6068,1.5997,1.5355,5.11
5.590617,-4.2987,1.1205,1.8907,4.83
5.602399,-3.8842,0.573,2.3318,4.57
5.606279,-3.3711,0.0895,2.7116,4.33
5.629194,-2.6707,-0.2503,2.9049,3.95
5.629289,-2.1371,-0.4155,2.7319,3.49
5.641279,-1.6685,-0.4996,2.4868,3.04
5.647221,-1.323,-0.4128,2.4356,2.8
5.662276,-0.9338,-0.2485,2.3092,2.5
5.666791,-0.67,-0.1052,2.0584,2.17
5.679082,-0.3604,-0.052,1.7667,1.8
5.687231,-0.024,0.0129,1.4438,1.44
5.697098,0.0959,0.0288,1.2264,1.23
5.711842,0.3159,0.0036,0.9552,1.01
5.717183,0.6158,-0.0732,0.604,0.87
5.729765,0.8728,-0.2366,0.3166,0.96
5.737793,1.0943,-0.463,0.0704,1.19
5.747544,1.4036,-0.5623,-0.276,1.54
5.758013,1.714,-0.6123,-0.7751,1.98
5.767789,1.9081,-0.5443,-1.1577,2.3
5.784243,2.0017,-0.4906,-1.4188,2.5
5.787434,2.1865,-0.3742,-1.7035,2.8
5.797496,2.4111,-0.0866,-1.8854,3.06
5.813178,2.6781,0.0096,-2.0945,3.4
5.817841,2.8738,0.0592,-2.155,3.59
5.82941,2.9805,0.1133,-2.0761,3.63
5.838371,3.0599,0.1765,-1.9916,3.66
5.848173,2.9922,0.3113,-1.8855,3.55
5.864088,2.8143,0.4807,-1.8399,3.4
5.868555,2.5335,0.6041,-1.8877,3.22
5.879588,2.2201,0.6742,-1.8909,2.99
5.88924,1.9916,0.5641,-1.9323,2.83
5.898735,1.8321,0.3132,-1.9142,2.67
5.913906,1.616,0.0345,-1.8855,2.48
5.918663,1.3623,-0.1029,-1.838,2.29
5.929987,1.1369,-0.1494,-1.8754,2.2
5.939874,1.0977,-0.0741,-1.8573,2.16
5.949209,0.9435,-0.0817,-1.7777,2.01
5.96419,0.9195,-0.0307,-1.6804,1.92
5.968957,0.9502,-0.0747,-1.5878,1.85
5.979352,0.9358,-0.1835,-1.521,1.8
5.989872,0.8951,-0.3084,-1.4375,1.72
5.999227,0.8034,-0.5177,-1.3846,1.68
6.013588,0.6578,-0.7463,-1.3233,1.66
6.019453,0.4234,-0.9312,-1.1197,1.52
6.030229,0.2022,-1.0541,-0.9088,1.41
6.04031,0.0153,-1.1455,-0.8352,1.42
6.049783,0.0734,-1.6709,-0.6664,1.8
6.06446,0.4256,-2.5532,-0.4747,2.63
6.070104,0.8957,-3.186,-0.19,3.31
6.081789,1.1529,-3.4474,0.0235,3.64
6.090894,1.5426,-3.2578,0.3225,3.62
6.100033,1.7942,-2.9512,0.4503,3.48
6.114062,2.0985,-2.6098,0.4838,3.38
6.120083,2.3037,-2.2067,0.4535,3.22
6.130406,2.4046,-1.8691,0.2763,3.06
6.147066,2.3302,-1.523,-0.0549,2.78
6.150383,2.0661,-1.0755,-0.5377,2.39
6.164915,1.7133,-0.5533,-0.9861,2.05
6.171323,1.3497,-0.0171,-1.4786,2
6.181053,1.0963,0.2824,-2.2819,2.55
6.196792,0.9284,0.4343,-3.1302,3.29
6.200474,0.8114,0.4286,-4.9976,5.08
6.213193,0.3499,0.0576,-7.9108,7.92
6.221527,-0.3004,-0.1983,-7.6089,7.62
6.231365,-1.1156,-0.3987,-4.7978,4.94
6.247562,-1.6306,-0.7462,-1.7463,2.5
6.250978,-1.7797,-1.1665,0.4487,2.17
6.264344,-2.3395,-1.9432,2.1128,3.7
6.271777,-2.6555,-2.8749,2.8165,4.82
6.281373,-2.8763,-4.0016,2.977,5.76
6.296603,-2.9972,-4.7361,3.0711,6.39
6.304716,-3.2463,-4.9726,3.1245,6.71
6.316758,-3.4242,-4.725,3.1696,6.64
6.321518,-3.7656,-3.7687,3.3299,6.28
6.331416,-3.9913,-2.3157,3.7317,5.93
6.346496,-3.8951,-1.0063,4.11,5.75
6.352029,-3.6743,-0.0886,4.3599,5.7
6.363431,-3.3862,0.6424,4.4545,5.63
6.373265,-3.2389,1.1174,4.2336,5.45
6.382366,-2.8576,1.3865,4.3893,5.42
6.397631,-2.6392,1.6724,4.4614,5.45
6.402423,-2.3382,1.8164,4.3778,5.29
6.413698,-2.095,1.7707,4.2047,5.02
6.423184,-1.8286,1.5724,3.8622,4.55
6.432481,-1.5826,1.3819,3.3361,3.94
6.446039,-1.3371,1.2243,2.3956,3
6.453001,-1.078,1.0374,1.1724,1.9
6.464149,-0.8622,0.8709,-0.0903,1.23
6.472773,-0.9155,0.8409,-0.7877,1.47
6.482697,-1.5648,1.1082,-0.9161,2.13
6.496392,-2.273,1.4014,-0.4148,2.7
6.502618,-2.7842,1.5925,0.2554,3.22
6.513945,-3.1537,1.6576,0.6209,3.62
6.523311,-3.2154,1.6376,0.7655,3.69
6.53313,-3.0191,1.6902,0.9375,3.58
6.547071,-2.5183,1.5273,1.0337,3.12
6.553276,-1.9822,1.3414,1.1009,2.63
6.564924,-1.2792,0.9901,1.0819,1.95
6.574048,-0.4635,0.6803,0.8408,1.18
6.583462,0.2665,0.4114,0.3379,0.6
6.597432,1.208,0.1371,-0.6496,1.38
6.603706,2.2332,-0.1581,-1.9923,3
6.61595,3.3003,-0.4862,-2.8935,4.42
6.626559,4.2131,-0.9136,-3.3622,5.47
6.636186,4.9651,-1.2849,-3.7153,6.33
6.645614,5.3932,-1.692,-2.6687,6.25
6.654227,5.2651,-1.7739,-0.8621,5.62
6.663875,4.6436,-1.3702,0.0919,4.84
6.678642,3.1483,-0.5378,-0.2006,3.2
6.684309,1.8653,0.219,-0.4402,1.93
6.695514,1.0885,0.8135,-0.3287,1.4
6.704767,0.509,1.1699,-0.1658,1.29
6.714354,0.1293,0.9635,0.2984,1.02
6.728461,-0.3011,-0.4798,0.889,1.05
6.734439,-0.8221,-2.4378,1.1306,2.81
6.74572,-1.4357,-3.9451,0.5927,4.24
6.754788,-1.9187,-4.845,-0.1079,5.21
6.764796,-2.4693,-5.4274,-1.0226,6.05
6.780792,-2.9687,-5.098,-1.3874,6.06
6.797041,-2.6018,-2.4059,0.6911,3.61
6.80523,-2.7293,-1.23,0.7227,3.08
6.815059,-2.9289,0.0808,0.6834,3.01
6.82993,-3.0985,1.0612,0.7128,3.35
6.837386,-3.3023,1.3394,0.7648,3.64
6.8472,-3.4072,1.1288,1.0016,3.73
6.855812,-3.4573,0.5802,1.2009,3.71
6.865201,-3.1977,-0.0552,1.4298,3.5
6.880536,-2.9816,-0.5044,1.5825,3.41
6.885457,-2.9018,-0.536,1.7342,3.42
6.896242,-2.7508,-0.2995,1.8958,3.35
6.905993,-2.8085,0.2672,1.8937,3.4
6.915861,-2.8289,0.9233,1.8178,3.49
6.92969,-2.7523,1.437,1.7038,3.54
6.935952,-2.3998,1.6238,1.6391,3.33
6.946284,-1.9508,1.3595,1.61,2.87
6.956856,-1.571,0.9081,1.5976,2.42
6.966544,-1.2745,0.402,1.5692,2.06
6.981405,-1.0994,-0.0088,1.5422,1.89
6.986335,-0.9647,-0.3076,1.5375,1.84
6.997191,-0.7168,-0.5674,1.5473,1.8
7.006727,-0.3383,-0.7145,1.556,1.75
7.016463,-0.0887,-0.7278,1.5739,1.74
7.028788,0.2604,-0.6578,1.504,1.66
7.037588,0.3843,-0.5002,1.3941,1.53
7.047003,0.5484,-0.2769,1.2149,1.36
7.0577,0.6865,-0.0425,0.92,1.15
7.067055,0.8871,0.1914,0.6766,1.13
7.081937,1.0195,0.3132,0.4097,1.14
7.086873,1.1196,0.4595,0.2246,1.23
7.097958,1.2827,0.59,-0.049,1.41
7.10749,1.3955,0.5727,-0.4187,1.57
7.117228,1.3667,0.5403,-0.6918,1.62
7.129024,1.355,0.5775,-1.0427,1.8
7.13779,1.3004,0.546,-1.3331,1.94
7.147479,1.3377,0.487,-1.4801,2.05
7.165079,1.4698,0.4021,-1.5718,2.19
7.167687,1.5951,0.2763,-1.507,2.21
7.180815,1.7164,0.2595,-1.4206,2.24
7.187657,1.8215,0.2468,-1.2371,2.22
7.197807,1.9411,0.1552,-1.0412,2.21
7.21284,2.1504,0.1462,-0.8603,2.32
7.21783,2.151,0.2013,-0.6682,2.26
7.229062,2.1478,0.228,-0.5587,2.23
7.238532,2.0683,0.285,-0.4638,2.14
7.24805,1.8513,0.4396,-0.4699,1.96
7.2636,1.5524,0.594,-0.5192,1.74
7.268658,1.361,0.678,-0.6201,1.64
7.279582,1.1896,0.7339,-0.6795,1.55
7.288707,1.003,0.716,-0.8164,1.48
7.298539,0.7912,0.5355,-0.9789,1.37
7.312904,0.5459,0.2484,-1.1622,1.31
7.318345,0.3216,0.1588,-1.261,1.31
7.330121,0.2062,0.1574,-1.2748,1.3
7.339299,0.2774,0.1956,-1.2331,1.28
7.352042,0.2217,0.1473,-1.1321,1.16
7.3631,0.2546,0.1688,-0.9767,1.02
7.368819,0.2443,0.1455,-0.8435,0.89
7.380772,0.1585,0.1037,-0.6316,0.66
7.389068,0.072,-0.0394,-0.4726,0.48
7.408561,0.0073,-0.2504,-0.3247,0.41
7.409221,0.022,-0.4384,-0.2224,0.49
7.419063,-0.0114,-0.7017,-0.065,0.7
7.429664,-0.0233,-0.8579,0.1567,0.87
7.439559,-0.0919,-1.2209,0.2987,1.26
7.450234,-0.086,-1.7404,0.3962,1.79
7.465436,-0.0792,-2.6407,0.4723,2.68
7.469889,0.129,-3.3851,0.6342,3.45
7.479953,0.6651,-3.6686,0.8967,3.83
7.491083,1.3203,-3.7729,1.1302,4.15
7.499956,1.6738,-3.6279,1.2004,4.17
7.513115,1.9862,-3.169,1.1437,3.91
7.520198,2.2206,-2.4776,0.9174,3.45
7.530195,2.2687,-1.8214,0.5113,2.95
7.540516,2.3211,-1.1114,0.121,2.58
7.550231,2.2313,-0.5074,-0.3536,2.32
7.563704,1.9523,0.0082,-0.8807,2.14
7.570487,1.6896,0.3842,-1.4753,2.28
7.581065,1.4236,0.5232,-2.6901,3.09
7.591035,1.2981,0.387,-4.2719,4.48
7.600688,1.2173,-0.0629,-9.7471,9.82
7.616784,0.348,-0.3383,-12.8926,12.9
7.620628,-0.4638,-0.2002,-9.0412,9.06
7.633394,-1.0502,-0.2292,-3.848,4
7.650855,-1.4927,-0.6482,0.0964,1.63
7.65156,-1.7088,-1.3033,2.2179,3.09
7.666815,-2.1217,-2.4567,2.9457,4.38
7.670962,-2.2781,-3.5866,3.1546,5.29
7.681422,-2.6036,-4.6126,3.3238,6.25
7.700365,-2.8565,-5.0956,3.3879,6.75
7.701324,-3.1121,-5.0885,3.1358,6.74
7.714241,-3.4901,-4.5048,3.2152,6.54
7.722396,-3.8341,-3.5341,3.4374,6.25
7.733301,-4.1485,-2.4695,3.8894,6.2
7.747329,-4.2452,-1.362,4.2452,6.16
7.75179,-4.136,-0.4693,4.3352,6.01
7.762623,-3.7849,0.1724,4.5918,5.95
7.772315,-3.5663,0.7121,4.6515,5.9
7.782367,-3.3492,1.09,4.6538,5.84
7.796916,-3.1836,1.568,4.907,6.06
7.802126,-2.8961,1.8583,5.2816,6.3
7.812856,-2.5269,1.8133,5.2382,6.09
7.822619,-1.9963,1.5922,4.8491,5.48
7.832729,-1.6705,1.3237,4.1813,4.69
7.847016,-1.3209,1.0411,3.1528,3.57
7.852635,-0.8455,0.731,1.2689,1.69
7.863217,-0.3415,0.5316,-0.6244,0.89
7.87293,-0.0026,0.51,-1.7286,1.8
7.883039,-0.2175,0.859,-1.5429,1.78
7.896929,-0.9583,1.4184,-0.6489,1.83
7.902814,-1.9198,1.7994,0.182,2.64
7.913173,-2.4627,2.0131,0.8567,3.29
7.922855,-2.6968,2.0473,1.2328,3.6
7.933255,-2.669,2.0643,1.2716,3.61
7.946443,-2.5242,1.9156,1.2726,3.41
7.953155,-1.9612,1.7603,1.3982,2.98
7.963497,-1.1864,1.5796,1.3589,2.4
7.974088,-0.2945,1.3687,1.1829,1.83
7.983542,0.5409,1.1053,0.799,1.47
7.997513,1.2139,0.7817,0.0966,1.45
8.003549,1.9601,0.4613,-0.7984,2.17
8.013668,2.6125,-0.0287,-1.6519,3.09
8.023865,3.3111,-0.7354,-2.3881,4.15
8.033853,3.9546,-1.5608,-3.0325,5.22
8.045712,4.2047,-2.2646,-2.8824,5.58
8.054194,4.0413,-2.5898,-2.1044,5.24
8.06423,3.8807,-2.4252,-1.7778,4.91
8.074585,3.4811,-1.6004,-1.8321,4.25
8.084643,2.6907,-0.4665,-1.7841,3.26
8.096656,1.9958,0.5593,-1.1499,2.37
8.104924,1.5737,0.9683,-0.3499,1.88
8.114403,1.3618,-0.2052,0.589,1.5
8.129838,0.9409,-2.0106,1.5825,2.73
8.134634,0.5373,-3.3153,2.5131,4.19
8.146243,0.2728,-4.266,3.1869,5.33
8.155053,-0.0761,-4.9994,3.069,5.87
8.164985,-0.7227,-5.3018,2.1073,5.75
8.191865,-0.9722,-4.5392,0.8105,4.71
8.206378,-3.2267,0.9347,-0.5329,3.4
8.217377,-3.9605,1.7207,-0.5884,4.36
8.242473,-4.4682,1.9295,-0.2756,4.87
8.262788,-4.8284,1.0318,0.495,4.96
8.262916,-4.8931,0.3886,0.679,4.96
8.281725,-4.9583,-0.5654,0.9505,5.08
8.285643,-4.9858,-0.8484,1.0921,5.17
8.296723,-4.9464,-0.6558,1.158,5.12
8.306377,-4.8538,-0.0848,1.2066,5
8.315793,-4.5178,0.5191,1.2649,4.72
8.329579,-3.8023,0.7873,1.327,4.1
8.335954,-3.0691,0.732,1.4402,3.47
8.346341,-2.5987,0.6369,1.6149,3.13
8.356578,-2.1264,0.4674,1.8193,2.84
8.366201,-1.7181,0.2508,1.9915,2.64
8.380347,-1.3244,-0.0037,2.1466,2.52
8.386578,-0.8372,-0.2929,2.2652,2.43
8.396804,-0.4178,-0.5897,2.346,2.45
8.406753,-0.0854,-0.7978,2.4573,2.59
8.416822,0.2434,-0.914,2.5264,2.7
8.429796,0.5552,-0.9132,2.3897,2.62
8.437087,0.6782,-0.7495,2.1878,2.41
8.44701,0.6663,-0.4635,1.8943,2.06
8.457114,0.8196,-0.1549,1.4782,1.7
8.466805,0.8877,0.0027,1.1627,1.46
8.480245,1.1884,0.0492,0.7986,1.43
8.487652,1.3564,-0.009,0.5414,1.46
8.497189,1.4584,-0.0509,0.1764,1.47
8.50738,1.4527,0.0196,-0.1926,1.47
8.517354,1.469,0.1565,-0.6139,1.6
8.529567,1.5045,0.3143,-0.8307,1.75
8.537935,1.6663,0.397,-1.1605,2.07
8.547565,1.8357,0.4123,-1.2927,2.28
8.557884,2.0398,0.3792,-1.4098,2.51
8.567613,2.1827,0.4785,-1.3755,2.62
8.579826,2.2739,0.59,-1.2665,2.67
8.587806,2.2699,0.6643,-1.1143,2.61
8.597849,2.2346,0.7327,-0.9033,2.52
8.612924,2.0763,0.7481,-0.8229,2.36
8.618364,1.8312,0.6115,-0.8025,2.09
8.633202,1.6342,0.3803,-0.786,1.85
8.638093,1.4353,0.097,-0.7784,1.64
8.652924,1.2789,-0.0595,-0.8484,1.54
8.666992,1.1177,-0.0777,-0.9003,1.44
8.668748,0.9759,0.0431,-1.055,1.44
8.679376,0.824,0.1727,-1.125,1.41
8.689115,0.6673,0.2588,-1.2068,1.4
8.698579,0.5231,0.4082,-1.2761,1.44
8.714014,0.4944,0.6765,-1.2925,1.54
8.718719,0.3754,0.8949,-1.2339,1.57
8.732139,0.3861,0.9948,-1.1662,1.58
8.739049,0.529,0.8132,-1.0797,1.45
8.748967,0.6132,0.4967,-1.0211,1.29
8.762445,0.587,0.0853,-0.9704,1.14
8.769553,0.5366,-0.2809,-0.9377,1.12
8.780218,0.4481,-0.5503,-0.8854,1.13
8.789774,0.3563,-0.724,-0.7413,1.1
8.799105,0.25,-0.8341,-0.5718,1.04
8.813778,0.1498,-0.991,-0.3246,1.05
8.819399,-0.0455,-1.3458,-0.134,1.35
8.830126,0.1363,-1.9946,0.0962,2
8.840298,0.5192,-2.996,0.5196,3.08
8.850404,0.9904,-3.9349,0.9812,4.17
8.864687,1.5212,-4.4512,1.3611,4.9
8.86968,1.8558,-4.3581,1.2915,4.91
8.884565,2.1177,-3.6258,1.1046,4.34
8.890074,2.3427,-2.6528,0.747,3.62
8.900143,2.5262,-1.892,0.2445,3.17
8.913463,2.6538,-1.3199,-0.2633,2.98
8.920729,2.6687,-0.9834,-0.8224,2.96
8.930646,2.4346,-0.7972,-1.6754,3.06
8.946205,2.1655,-0.8223,-2.8588,3.68
8.950548,1.8986,-0.9265,-4.0806,4.59
8.963949,1.6128,-1.0533,-6.6922,6.96
8.971375,1.576,-1.3049,-10.5772,10.77
8.981403,1.2778,-1.1912,-12.4506,12.57
8.991788,0.4221,-0.7465,-8.9657,9.01
9.001417,-0.4019,-0.6936,-4.7329,4.8
9.013866,-1.0981,-1.0459,-1.3179,2.01
9.020761,-1.164,-1.2703,0.3227,1.75
9.030969,-1.5724,-1.751,1.5643,2.83
9.046148,-2.2755,-2.4362,2.431,4.13
9.051336,-3.1034,-3.2501,2.8172,5.3
9.062748,-3.7029,-3.8895,3.3191,6.31
9.071609,-4.3172,-4.4752,3.789,7.28
9.081572,-4.565,-4.8902,3.8492,7.72
9.097159,-4.3881,-4.9916,3.8963,7.7
9.10153,-4.3146,-4.4904,3.959,7.38
9.11333,-4.44,-3.4194,3.9362,6.85
9.121888,-4.7794,-1.9287,3.8418,6.43
9.131677,-4.9139,-0.589,4.035,6.39
9.14681,-4.618,0.258,4.6062,6.53
9.151898,-4.3472,0.8371,4.9678,6.65
9.162771,-4.0897,1.2942,5.1019,6.67
9.172449,-3.8936,1.6013,5.142,6.65
9.1823,-3.7109,1.6973,5.1422,6.56
9.196793,-3.3761,1.797,5.2888,6.53
9.202409,-3.0204,1.6304,4.7068,5.83
9.213344,-2.6882,1.2755,3.6075,4.68
9.223193,-2.1932,1.0027,2.3264,3.35
9.232952,-1.3691,0.7289,0.6316,1.67
9.246547,-0.5015,0.6182,-1.0095,1.29
9.252614,0.1185,0.7793,-1.7866,1.95
9.263721,0.4631,1.0592,-1.688,2.05
9.273425,0.2874,1.4853,-0.756,1.69
9.283097,-0.8642,2.1222,0.3682,2.32
9.297111,-1.9,2.4249,0.777,3.18
9.303519,-2.7481,2.5589,1.0384,3.9
9.313391,-3.0073,2.6982,1.5169,4.32
9.323308,-3.1504,2.775,1.9229,4.62
9.332894,-3.009,2.6799,2.2066,4.59
9.345977,-2.5756,2.3995,2.4253,4.27
9.353329,-2.0277,2.0646,2.4938,3.82
9.363379,-1.3518,1.7939,2.1355,3.1
9.373956,-0.5423,1.6937,1.3688,2.24
9.383527,0.2585,1.3877,0.298,1.44
9.397575,1.3699,0.8265,-1.0108,1.89
9.404452,2.7786,-0.1653,-2.9711,4.07
9.413882,4.6315,-1.3697,-5.4489,7.28
9.424175,5.8537,-2.3782,-6.3964,8.99
9.433798,6.3045,-3.1736,-4.3281,8.28
9.446339,6.5439,-3.8062,-1.4891,7.72
9.454254,7.038,-4.1706,-0.1664,8.18
9.464057,6.9751,-3.5566,-0.324,7.84
9.479808,4.9556,-1.7776,-1.8477,5.58
9.484203,2.8211,-0.048,-2.3888,3.7
9.496723,1.2721,1.1471,-1.6886,2.41
9.504967,0.2873,1.0675,-0.5995,1.26
9.51449,-0.3352,-1.1179,0.4211,1.24
9.530165,-0.6027,-3.4116,1.0342,3.62
9.534671,-0.2108,-5.146,1.4535,5.35
9.546243,0.8815,-6.2265,2.0852,6.63
9.55486,1.7531,-6.2177,2.2022,6.83
9.56513,1.7095,-4.9913,1.3407,5.44
9.580668,1.1766,-3.0468,-0.0205,3.27
9.585198,0.3509,-0.822,-0.6332,1.1
9.596587,-1.0698,1.1582,0.2147,1.59
9.605744,-2.3376,2.3396,0.9751,3.45
9.615517,-3.3967,3.0357,1.1085,4.69
9.633576,-4.3874,3.1116,0.8652,5.45
9.648809,-5.2042,1.2861,0.1846,5.36
9.655524,-5.0712,0.0995,0.1764,5.08
9.665784,-5.0944,-0.838,0.2786,5.17
9.679913,-5.2726,-1.4801,0.5362,5.5
9.685863,-5.3271,-1.6149,0.8663,5.63
9.697374,-5.4214,-1.3347,1.1669,5.7
9.706257,-5.5071,-0.5051,1.3469,5.69
9.715904,-5.3787,0.4852,1.3539,5.57
9.729809,-4.9282,1.1871,1.2734,5.23
9.736029,-4.1915,1.2134,1.3155,4.56
9.746417,-3.4954,1.0011,1.4051,3.9
9.757152,-2.8689,0.8956,1.5653,3.39
9.766366,-2.4399,0.7158,1.7452,3.08
9.780028,-1.9328,0.4396,2.0761,2.87
9.786375,-1.4708,0.1102,2.3422,2.77
9.796847,-1.0189,-0.2973,2.4453,2.67
9.806924,-0.5693,-0.7554,2.4932,2.67
9.816888,-0.2747,-1.0933,2.5128,2.75
9.835349,-0.0298,-1.2583,2.4752,2.78
9.836922,0.1162,-1.1265,2.3429,2.6
9.847576,0.3358,-0.793,2.1768,2.34
9.857515,0.3895,-0.4512,1.7973,1.89
9.866892,0.5795,-0.1561,1.4717,1.59
9.8801,0.9524,0.0384,1.1125,1.46
9.887024,1.1705,0.0279,0.9361,1.5
9.897284,1.5616,0.0446,0.6623,1.7
9.91382,1.7642,0.1114,0.4008,1.81
9.917379,1.8022,0.1957,0.1931,1.82
9.929198,1.8981,0.382,-0.0929,1.94
9.937841,1.9114,0.685,-0.3688,2.06
9.947852,2.033,0.88,-0.6908,2.32
9.957757,2.045,0.808,-0.8347,2.35
9.967621,2.179,0.6758,-0.9719,2.48
9.979633,2.3185,0.5833,-1.0208,2.6
9.988217,2.4918,0.5896,-0.979,2.74
9.997943,2.5802,0.5826,-0.9169,2.8
10.013109,2.4509,0.6771,-0.7966,2.66
10.018441,2.2317,0.6804,-0.8471,2.48
10.029607,1.9542,0.6179,-0.8436,2.22
10.038627,1.7112,0.4521,-0.8968,1.98
10.048683,1.5679,0.2649,-0.9597,1.86
10.064442,1.4327,0.097,-0.9772,1.74
10.068849,1.285,-0.0993,-1.1267,1.71
10.081201,1.2424,-0.2,-1.1824,1.73
10.089603,1.105,-0.4138,-1.3019,1.76
10.098974,0.9112,-0.596,-1.4228,1.79
10.114109,0.672,-0.687,-1.5015,1.78
10.119126,0.4482,-0.6073,-1.5526,1.73
10.129689,0.2647,-0.3484,-1.5593,1.62
10.139347,0.1901,-0.0998,-1.4994,1.51
10.149344,0.1644,0.2365,-1.4274,1.46
10.163308,0.1848,0.5676,-1.2998,1.43
10.169166,0.2072,0.8104,-1.1175,1.4
10.179595,0.2508,0.9592,-0.9344,1.36
10.190175,0.3499,0.8358,-0.6549,1.12
10.199718,0.6493,-0.0529,-0.3458,0.74
10.21357,0.986,-1.5094,-0.0362,1.8
10.219754,1.2163,-2.7254,0.4305,3.02
10.230162,1.2511,-3.805,0.7222,4.07
10.240372,1.4596,-4.7469,1.0526,5.08
10.25012,1.8057,-5.1844,1.4966,5.69
10.263318,1.8439,-4.8462,1.7473,5.47
10.269847,1.6789,-3.8262,1.6969,4.51
10.280046,1.4718,-2.7496,1.3583,3.4
10.290581,1.272,-1.9643,0.9002,2.51
10.300226,1.0684,-1.461,0.402,1.85
10.314041,0.7023,-1.1014,-0.105,1.31
10.320336,0.3034,-0.8515,-0.4559,1.01
10.330424,0.0006,-0.6439,-0.8514,1.07
10.341176,-0.2534,-0.5429,-1.2362,1.37
10.350616,-0.5092,-0.4643,-1.6295,1.77
10.363185,-0.8596,-0.2711,-2.1386,2.32
10.371362,-1.3159,0.0021,-2.6787,2.98
10.380877,-1.7711,0.3994,-3.5341,3.97
10.391468,-2.662,0.8493,-5.331,6.02
10.401145,-3.2025,1.1273,-6.1312,7.01
10.419354,-3.0627,1.1286,-5.3525,6.27
10.421464,-2.8693,0.6149,-3.5929,4.64
10.431374,-2.6611,-0.0935,-1.9644,3.31
10.441862,-2.5503,-0.8532,-0.1803,2.7
10.451505,-2.5895,-1.598,1.1971,3.27
10.463694,-2.6574,-2.2873,2.0303,4.05
10.472023,-3.0292,-3.1848,2.7215,5.17
10.481815,-3.1984,-3.7319,3.218,5.87
10.497712,-3.2123,-4.1351,3.2716,6.17
10.502006,-3.1675,-4.1483,3.3101,6.18
10.514413,-3.1939,-3.6166,3.5461,5.99
10.522425,-3.2603,-2.5824,3.9455,5.73
10.53179,-3.4527,-1.4121,4.3365,5.72
10.546704,-3.4105,-0.5359,4.4289,5.62
10.551931,-3.3277,0.0738,4.3101,5.45
10.562771,-3.1444,0.6465,4.5491,5.57
10.572881,-2.9129,0.9822,4.9844,5.86
10.582559,-2.7,1.3185,5.1995,6.01
10.597,-2.5986,1.514,4.9293,5.77
10.6026,-2.4705,1.6233,5.0111,5.82
10.613046,-2.1157,1.5008,5.1793,5.79
10.622942,-1.6263,1.1263,4.3315,4.76
10.637914,-1.1762,0.6863,3.3267,3.59
10.653191,-0.7156,0.3472,2.3052,2.44
10.653381,-0.1519,0.1519,0.6719,0.71
10.668061,0.529,0.0044,-1.4131,1.51
10.672628,1.2164,0.0633,-3.1538,3.38
10.683465,1.4727,0.4324,-3.4766,3.8
10.697297,1.2871,0.8416,-2.2885,2.76
10.703108,0.2294,1.0787,-0.949,1.45
10.7134,-0.9087,1.1473,-0.1728,1.47
10.724805,-1.7242,1.2162,0.2885,2.13
10.734555,-2.1763,1.1111,0.4214,2.48
10.750547,-2.177,1.0678,0.369,2.45
10.753066,-2.067,1.0875,0.5298,2.39
10.764235,-1.6545,1.0709,0.8189,2.13
10.774005,-1.2096,1.0145,0.9912,1.86
10.783839,-0.6841,1.1376,1.0715,1.71
10.796648,-0.1515,1.2983,1.1057,1.71
10.804064,0.3122,1.38,1.1018,1.79
10.813916,0.772,1.251,1.0383,1.8
10.824931,1.2659,0.9624,0.8644,1.81
10.833976,1.5574,0.5035,0.579,1.74
10.849842,1.9014,-0.0016,0.1469,1.91
10.854196,2.1924,-0.5667,-0.4666,2.31
10.865712,2.2792,-1.0783,-0.8603,2.66
10.87486,2.3304,-1.3583,-0.9469,2.86
10.884846,2.2151,-1.2156,-0.6688,2.61
10.896495,1.9317,-0.8846,-0.4644,2.17
10.905066,1.5281,-0.4032,-0.5924,1.69
10.914586,1.2348,0.1098,-0.9451,1.56
10.925322,1.1071,0.4839,-1.1783,1.69
10.934571,0.9975,0.6396,-1.2286,1.71
10.946761,1.0951,0.3356,-1.2876,1.72
10.955324,1.2788,-0.7114,-1.3803,2.01
10.964826,1.5919,-2.449,-1.4509,3.26
10.979766,1.8103,-4.2299,-1.3824,4.8
10.984947,2.0134,-5.9069,-1.2427,6.36
10.996343,2.2668,-6.9249,-0.9032,7.34
11.005508,2.2503,-6.4157,0.0156,6.8
11.015323,0.9432,-3.5407,1.2326,3.87
11.030533,-0.5603,-0.8393,1.9645,2.21
11.035369,-1.5776,0.8891,2.1336,2.8
11.046877,-2.3513,1.9851,1.7266,3.53
11.055945,-3.0634,2.4941,1.1689,4.12
11.065677,-3.4873,2.5793,0.884,4.43
11.080445,-3.8137,2.087,0.8533,4.43
11.085691,-4.0175,1.0331,0.8907,4.24
11.096622,-3.9763,-0.2871,1.06,4.13
11.10648,-4.01,-1.4117,1.2428,4.43
11.116014,-4.1508,-2.2695,1.4892,4.96
11.130734,-4.2957,-2.7216,1.715,5.37
11.136198,-4.4192,-2.641,1.7978,5.45
11.146495,-4.4209,-1.9768,1.7815,5.16
11.157106,-4.3403,-1.0439,1.6127,4.75
11.166399,-4.1931,-0.0433,1.4412,4.43
11.180031,-4.0362,0.6668,1.3566,4.31
11.18644,-3.8555,1.0748,1.3401,4.22
11.204762,-3.659,1.1908,1.3522,4.08
11.218294,-3.6163,0.6437,1.4696,3.96
11.23254,-3.5951,0.1703,1.5132,3.9
11.23683,-3.3288,-0.3339,1.486,3.66
11.24742,-2.9278,-0.7534,1.4583,3.36
11.257838,-2.4712,-0.9733,1.4507,3.03
11.267472,-2.1533,-1.0175,1.5159,2.82
11.280272,-1.8469,-0.9083,1.5615,2.58
11.2878,-1.6729,-0.7,1.6047,2.42
11.297602,-1.4339,-0.5148,1.6353,2.24
11.308565,-1.1241,-0.3605,1.6965,2.07
11.31773,-0.9026,-0.3148,1.7463,1.99
11.33071,-0.5808,-0.3449,1.7766,1.9
11.338055,-0.4321,-0.3861,1.6664,1.76
11.347695,-0.2691,-0.4172,1.529,1.61
11.358094,-0.0943,-0.4043,1.3902,1.45
11.367787,-0.0407,-0.353,1.2914,1.34
11.379787,0.0762,-0.2786,1.1775,1.21
11.388226,0.2485,-0.1886,1.0753,1.12
11.398109,0.4655,-0.1334,0.9991,1.11
11.413894,0.8109,-0.1025,0.9928,1.29
11.418185,1.0495,-0.1586,1.0127,1.47
11.429907,1.2644,-0.2414,0.9695,1.61
11.438372,1.4562,-0.2829,0.9779,1.78
11.448506,1.6743,-0.3861,0.9561,1.97
11.463907,1.7927,-0.4249,0.9162,2.06
11.468692,1.9166,-0.3916,0.8953,2.15
11.480618,1.942,-0.3283,0.8613,2.15
11.48912,2.0114,-0.2084,0.8333,2.19
11.498971,2.0046,-0.0957,0.7651,2.15
11.514028,1.9712,-0.0044,0.7199,2.1
11.519111,1.9994,0.0657,0.7044,2.12
11.530427,1.9418,0.1191,0.6776,2.06
11.539307,1.7947,0.1532,0.6312,1.91
11.54909,1.6541,0.1198,0.5713,1.75
11.563275,1.4851,0.0254,0.4911,1.56
11.569348,1.28,-0.1176,0.4306,1.36
11.579752,1.0761,-0.2574,0.3484,1.16
11.590129,0.8587,-0.3622,0.2851,0.97
11.599817,0.7188,-0.3742,0.3018,0.86
11.613846,0.6204,-0.3705,0.2972,0.78
11.620345,0.5592,-0.3886,0.3364,0.76
11.631306,0.5182,-0.3949,0.3807,0.75
11.639929,0.4912,-0.3498,0.4531,0.75
11.660194,0.4897,-0.2484,0.5463,0.77
11.661078,0.4941,-0.1149,0.6541,0.83
11.675636,0.5472,0.0105,0.7151,0.9
11.680021,0.6089,0.082,0.7644,0.98
11.690237,0.6497,0.1007,0.824,1.05
11.700309,0.669,0.1131,0.8916,1.12
11.714713,0.6881,0.0767,0.9037,1.14
11.7204,0.6775,0.0405,0.8298,1.07
11.731147,0.6762,0.0207,0.798,1.05
11.741344,0.678,-0.0108,0.7018,0.98
11.75073,0.6133,-0.0181,0.6236,0.87
11.765326,0.6196,-0.1043,0.5272,0.82
11.770626,0.5979,-0.2119,0.3926,0.75
11.781537,0.5893,-0.2967,0.2729,0.71
11.791533,0.5417,-0.3386,0.1614,0.66
11.80085,0.4665,-0.3138,0.066,0.57
11.813797,0.3084,-0.2212,-0.0183,0.38
11.821408,0.146,-0.0998,-0.0993,0.2
11.831313,-0.023,0.031,-0.1572,0.16
11.841925,-0.2147,0.1233,-0.1904,0.31
11.85206,-0.4494,0.2076,-0.1649,0.52
11.864321,-0.6401,0.2229,-0.0917,0.68
11.871707,-0.7602,0.1372,0.0171,0.77
11.881561,-0.9091,-0.0479,0.1908,0.93
11.89205,-1.1646,-0.3023,0.3751,1.26
11.901871,-1.3332,-0.5795,0.5422,1.55
11.91411,-1.6277,-0.8508,0.6856,1.96
11.922461,-1.9934,-1.0026,0.7821,2.36
11.932103,-2.3731,-0.9742,0.8382,2.7
11.947217,-2.6232,-0.7786,0.7906,2.85
11.95228,-2.819,-0.5754,0.6973,2.96
11.963844,-2.9476,-0.3921,0.5368,3.02
11.972934,-3.0614,-0.1989,0.3479,3.09
11.982549,-3.1357,-0.1687,0.1959,3.15
11.997295,-3.1994,-0.1963,-0.1072,3.21
12.002605,-3.1233,-0.3192,-0.4715,3.17
12.013465,-2.7808,-0.4638,-0.9595,2.98
12.023053,-2.1582,-0.524,-1.5068,2.68
12.032706,-1.5095,-0.4818,-2.1843,2.7
12.047065,-0.872,-0.4351,-2.882,3.04
12.052863,-0.4524,-0.2183,-3.1692,3.21
12.063238,-0.1729,0.0275,-3.0703,3.08
12.073462,-0.0374,0.2706,-2.5813,2.6
12.083183,0.0421,0.4677,-1.9346,1.99
12.097498,0.0816,0.6463,-1.1304,1.3
12.103622,0.1815,0.7827,-0.3127,0.86
12.11441,0.2904,0.9162,0.3615,1.03
12.123579,0.3382,1.02,1.0806,1.52
12.133454,0.4881,0.9532,2.0886,2.35
12.147027,0.649,0.8146,2.7832,2.97
12.153418,0.8599,0.6596,3.0307,3.22
12.163711,1.0799,0.5575,2.9382,3.18
12.174172,1.1938,0.4537,2.5053,2.81
12.184015,1.3385,0.2926,2.0934,2.5
12.19748,1.5262,0.0394,1.6504,2.25
12.204227,1.682,-0.2313,1.243,2.1
12.214054,1.7394,-0.4643,0.864,2
12.224447,1.8304,-0.6437,0.7204,2.07
12.234027,1.9106,-0.7369,0.6765,2.16
12.249513,2.0074,-0.7359,0.6567,2.24
12.256725,2.0119,-0.6543,0.5383,2.18
12.269131,1.9402,-0.5291,0.3246,2.04
12.274696,1.8971,-0.412,0.0652,1.94
12.285551,1.8437,-0.2624,-0.2031,1.87
12.300071,1.8274,-0.1513,-0.4576,1.89
12.304919,1.8536,0.05,-0.7161,1.99
12.314933,1.8816,0.2607,-0.9338,2.12
12.325528,1.9125,0.3827,-1.2508,2.32
12.335032,1.9405,0.4664,-1.7063,2.63
12.34951,1.8383,0.4399,-1.8668,2.66
12.355525,1.6536,0.3575,-1.68,2.38
12.365385,1.2876,0.313,-1.4168,1.94
12.381284,0.8748,0.3425,-1.2376,1.55
12.385117,0.5299,0.3402,-1.2576,1.41
12.397348,0.2259,0.3992,-1.3376,1.41
12.405502,0.0644,0.4728,-1.3045,1.39
12.415438,0.0453,0.5195,-0.9027,1.04
12.425792,0.1346,0.5101,-0.434,0.68
12.435455,0.0879,0.4386,-0.1176,0.46
12.448828,0.087,0.3283,0.2816,0.44
12.455929,0.0583,0.254,0.6321,0.68
12.466107,-0.095,0.1898,0.9157,0.94
12.481309,-0.243,0.2049,1.067,1.11
12.486066,-0.155,0.2154,1.258,1.29
12.498173,-0.0707,0.2513,1.4432,1.47
12.506593,-0.0303,0.3302,1.4518,1.49
12.516524,0.1903,0.5608,1.3048,1.43
12.531917,0.605,0.7931,1.1734,1.54
12.536501,0.9534,0.6822,1.0101,1.55
12.547234,1.0787,0.5056,0.8754,1.48
12.556932,0.9231,0.3593,0.7081,1.22
12.566429,0.5471,0.1785,0.4844,0.75
12.580591,0.115,0.0636,0.2508,0.28
12.586507,-0.2273,0.0536,0.0022,0.23
12.597837,-0.3788,0.0226,-0.148,0.41
12.607369,-0.3389,0.1296,-0.3502,0.5
12.616904,0.0713,0.2749,-0.4659,0.55
12.631397,0.5681,0.3984,-0.4733,0.84
12.640754,0.9784,0.4354,-0.4395,1.16
12.651759,1.3818,0.4222,-0.2804,1.47
12.656925,1.7137,0.3484,-0.1231,1.75
12.670346,1.9915,0.2944,0.0977,2.02
12.686601,2.1521,0.2444,0.2585,2.18
12.701402,2.2947,0.1433,0.3037,2.32
12.707551,2.373,0.0596,0.2371,2.39
12.717702,2.3977,0.0195,0.2603,2.41
12.73241,2.4409,-0.0714,0.3696,2.47
12.737534,2.4434,-0.2122,0.4364,2.49
12.74782,2.4272,-0.2895,0.3675,2.47
12.758315,2.3903,-0.4554,0.0413,2.43
12.767853,2.2234,-0.7337,-0.4794,2.39
12.780607,1.8759,-0.979,-1.3258,2.5
12.788214,1.536,-1.1399,-2.5987,3.23
12.799204,1.2155,-1.0794,-4.05,4.36
12.816453,0.6115,-0.622,-4.3967,4.48
12.81834,-0.202,-0.0048,-3.4435,3.45
12.831775,-0.9608,0.4433,-2.1493,2.4
12.838813,-1.6673,0.6976,-0.9724,2.05
12.848733,-2.0755,0.6505,-0.1905,2.18
12.864384,-2.1598,0.476,0.212,2.22
12.868767,-2.2566,0.1639,0.3198,2.29
12.881187,-2.3079,-0.1959,0.3128,2.34
12.889091,-2.2961,-0.5968,0.4069,2.41
12.89915,-2.2289,-0.9294,0.616,2.49
12.914798,-2.0486,-1.1308,0.9181,2.51
12.918927,-1.8879,-1.192,1.2719,2.57
12.931279,-1.7671,-1.1038,1.5843,2.62
12.939374,-1.7266,-0.8097,1.8797,2.68
12.94929,-1.6584,-0.3319,1.9635,2.59
12.964654,-1.4837,0.1233,1.9341,2.44
12.96939,-1.3276,0.5047,1.7764,2.27
12.980965,-1.1957,0.6809,1.6779,2.17
12.990091,-1.1222,0.616,1.4525,1.94
13.000102,-1.1397,0.2818,1.2153,1.69
13.014988,-1.1614,-0.1839,0.8669,1.46
13.020154,-1.2043,-0.3683,0.6088,1.4
13.031261,-1.4227,-0.2824,0.3347,1.49
13.040248,-1.5774,-0.0371,0.0976,1.58
13.049895,-1.574,0.226,-0.0138,1.59
13.064582,-1.2693,0.3658,0.0389,1.32
13.070188,-0.8388,0.3198,0.2232,0.92
13.080875,-0.4807,0.1732,0.4867,0.71
13.090552,-0.2104,-0.0444,0.7593,0.79
13.100739,0.0756,-0.288,1.0684,1.11
13.114817,0.3866,-0.5001,1.3455,1.49
13.121152,0.7598,-0.6833,1.5984,1.9
13.13098,1.0559,-0.814,1.728,2.18
13.141195,1.2477,-0.8819,1.7394,2.32
13.150759,1.5043,-0.8872,1.7729,2.49
13.164625,1.6501,-0.7243,1.7476,2.51
13.170855,1.7909,-0.4267,1.6926,2.5
13.181118,1.7192,-0.0715,1.5609,2.32
13.191344,1.6642,0.3609,1.3313,2.16
13.204414,1.5607,0.7776,1.0899,2.06
13.217052,1.5509,1.0309,0.7557,2.01
13.221275,1.6052,1.0925,0.488,2
13.2371,1.7475,0.9658,0.2355,2.01
13.242028,1.8447,0.6784,0.017,1.97
13.254684,1.8763,0.3749,-0.1021,1.92
13.269875,1.8481,0.0805,-0.0977,1.85
13.27183,1.7941,-0.2008,-0.0874,1.81
13.284398,1.682,-0.383,-0.0084,1.73
13.292153,1.4985,-0.4162,0.0067,1.56
13.302026,1.3286,-0.4037,0.0495,1.39
13.315028,1.114,-0.2601,-0.0325,1.14
13.322774,0.9188,-0.0223,-0.0637,0.92
13.332379,0.7437,0.2093,-0.1505,0.79
13.348007,0.6029,0.3411,-0.3186,0.76
13.352127,0.5054,0.371,-0.3845,0.74
13.364581,0.423,0.378,-0.5852,0.81
13.372728,0.3384,0.364,-0.7274,0.88
13.383204,0.2483,0.2468,-0.8461,0.92
13.398766,0.2149,0.0777,-1.0369,1.06
13.402666,0.1558,0.0094,-1.2228,1.23
13.41471,0.153,-0.0389,-1.4864,1.49
13.422882,0.1417,-0.0091,-1.8032,1.81
13.432912,0.1808,0.0603,-2.0687,2.08
13.450178,0.2237,0.1429,-2.2323,2.25
13.452814,0.2994,0.2072,-2.3978,2.43
13.465608,0.4177,0.2382,-2.4642,2.51
13.473051,0.5771,0.335,-2.4036,2.49
13.483061,0.7617,0.3528,-2.1671,2.32
13.497931,0.9873,0.3856,-1.8511,2.13
13.503102,1.1902,0.311,-1.5087,1.95
13.516595,1.3295,0.1312,-1.1292,1.75
13.524456,1.3772,-0.0054,-0.8041,1.59
13.533503,1.4046,-0.0024,-0.5629,1.51
13.548829,1.4549,0.0493,-0.3386,1.49
13.553788,1.5016,0.0537,-0.1307,1.51
13.564605,1.5487,0.1041,0.0624,1.55
13.574549,1.5037,0.1576,0.2547,1.53
13.584213,1.4334,0.2075,0.506,1.53
13.598123,1.4124,0.166,0.5422,1.52
13.604429,1.3729,-0.03,0.499,1.46
13.616382,1.3864,-0.5451,0.6683,1.63
13.624429,1.5811,-1.4469,0.8011,2.29
13.634273,1.8075,-2.4536,0.9825,3.2
13.646879,2.0159,-3.1539,1.2189,3.94
13.654188,2.063,-3.4552,1.3646,4.25
13.671361,1.9079,-3.466,1.5671,4.26
13.674976,1.7832,-2.9278,1.8234,3.88
13.692455,1.6681,-2.2926,1.8758,3.4
13.707787,1.5384,-1.7446,1.6919,2.88
13.725264,0.5103,-0.7934,0.8422,1.26
13.735008,0.0884,-0.7651,0.5063,0.92
13.748356,-0.1383,-0.755,0.1613,0.78
13.755008,-0.4892,-0.6524,-0.248,0.85
13.765144,-0.6441,-0.4278,-0.5774,0.97
13.780919,-0.8236,-0.1609,-1.1284,1.41
13.785165,-0.9485,0.0236,-1.9756,2.19
13.798982,-1.0129,0.1274,-3.1761,3.34
13.805494,-0.9486,0.1113,-6.95,7.02
13.815777,-0.6186,-0.1322,-10.6664,10.69
13.82585,-0.6085,0.0784,-9.2437,9.26
13.835838,-1.1195,0.0895,-5.0824,5.21
13.850594,-1.9079,-0.3175,-1.7783,2.63
13.855896,-2.3355,-0.8463,0.0772,2.49
13.866267,-2.4968,-1.5173,1.1743,3.15
13.882194,-2.9076,-2.0889,2.0349,4.12
13.886211,-3.4623,-2.6029,2.3461,4.93
13.898779,-3.9058,-3.0195,2.8949,5.72
13.906821,-4.1644,-3.3651,3.5355,6.42
13.91654,-4.0243,-3.4344,3.9299,6.59
13.931829,-3.7851,-3.2908,4.2353,6.56
13.936677,-3.365,-2.4962,4.4827,6.14
13.948087,-3.1633,-1.6483,4.6835,5.89
13.957038,-2.8529,-0.749,4.9011,5.72
13.966629,-2.6471,0.1548,4.969,5.63
13.98255,-2.1481,0.7911,5.2038,5.69
13.987008,-1.4783,1.1506,6.0754,6.36
13.998482,-1.0382,1.4305,6.0421,6.3
14.007062,-0.7124,1.4987,5.1174,5.38
14.016872,-0.1453,1.3711,3.6222,3.88
14.033625,0.4071,1.131,2.1895,2.5
14.037173,1.0035,0.8793,0.1657,1.34
14.050037,1.6427,0.6805,-1.6935,2.46
14.057424,1.9994,0.6447,-2.0758,2.95
14.067083,2.1604,0.6685,-1.5094,2.72
14.082633,1.9401,0.6802,-1.3514,2.46
14.087451,1.297,0.546,-0.871,1.66
14.099614,-0.0731,0.5391,-0.3607,0.65
14.107751,-1.4117,0.7312,0.0498,1.59
14.117682,-2.671,0.9818,0.1511,2.85
14.132054,-3.5215,1.1239,0.183,3.7
14.137702,-3.9355,1.1229,0.4584,4.12
14.148718,-3.6818,0.9829,0.5386,3.85
14.158312,-3.4344,0.8908,0.5472,3.59
14.168854,-3.3343,1.0343,0.6691,3.55
14.185031,-3.0305,1.1918,1.0169,3.41
14.188063,-2.7551,1.3268,1.3795,3.35
14.204357,-2.3915,1.4243,1.7291,3.28
14.208332,-1.907,1.4503,1.9186,3.07
14.221998,-1.3935,1.4392,1.8517,2.73
14.237564,-0.6857,1.2938,1.4397,2.05
14.238771,-0.0102,0.9429,0.8423,1.26
14.253319,0.7668,0.4586,-0.0175,0.89
14.269022,1.4578,-0.2067,-0.9767,1.77
14.284623,2.5924,-1.4679,-2.3554,3.8
14.289106,3.1552,-1.8896,-1.6011,4.01
14.300674,3.4321,-2.0915,-0.4533,4.04
14.317016,3.3493,-1.8893,-0.0066,3.85
14.31927,3.1198,-1.3174,-0.5243,3.43
14.333168,2.9184,-0.7025,-1.2903,3.27
14.339143,2.5922,-0.2303,-2.0488,3.31
14.349641,2.186,-0.0155,-2.346,3.21
14.366006,1.6116,0.0804,-1.9533,2.53
14.369565,1.0321,0.1468,-1.1122,1.52
14.382331,0.3867,-0.3923,-0.3178,0.64
14.39027,-0.1721,-1.6511,0.324,1.69
14.400175,-0.4052,-3.0087,0.8421,3.15
14.415973,-0.4292,-3.9713,1.0703,4.14
14.420038,-0.108,-4.722,1.3571,4.91
14.432514,0.3551,-4.9569,1.5686,5.21
14.44058,0.5013,-4.9419,1.2351,5.12
14.450486,0.696,-4.4261,-0.1141,4.48
14.465278,0.4983,-2.8412,-1.8899,3.45
14.470222,-0.5488,-0.6164,-1.0443,1.33
14.481596,-1.6916,1.1186,0.1328,2.03
14.490207,-2.6168,2.195,0.5735,3.46
14.500736,-3.3456,2.9111,0.6057,4.48
14.515122,-3.8436,3.2449,0.5563,5.06
14.520537,-4.2048,2.9204,0.5178,5.15
14.533506,-4.4284,2.2037,0.4976,4.97
14.541295,-4.4496,1.2123,0.5997,4.65
14.550786,-4.4403,0.0543,0.8272,4.52
14.566485,-4.3755,-1.0914,1.1458,4.65
14.571082,-4.2335,-2.1862,1.5316,5
14.582892,-4.1995,-2.6888,1.7654,5.29
14.591239,-4.0896,-2.288,1.7721,5.01
14.601516,-3.6591,-0.9501,1.6427,4.12
14.616475,-3.316,0.1983,1.4659,3.63
14.621395,-3.1202,0.776,1.3166,3.47
14.632603,-2.8663,1.0863,1.2963,3.33
14.641791,-2.5269,1.151,1.3502,3.09
14.655711,-2.2158,1.0115,1.3944,2.81
14.68109,-1.8555,0.7708,1.396,2.45
14.69461,-1.0262,-0.0449,1.3925,1.73
14.701576,-0.8334,-0.2536,1.3601,1.62
14.720503,-0.572,-0.4599,1.3611,1.55
14.721947,-0.379,-0.5305,1.2859,1.44
14.739234,-0.2219,-0.445,1.2223,1.32
14.756261,-0.0556,-0.27,1.0492,1.08
14.756354,-0.0138,-0.1027,0.8921,0.9
14.772514,0.0984,0.0228,0.6572,0.66
14.772649,0.2001,0.1573,0.3987,0.47
14.788805,0.3154,0.3022,0.1383,0.46
14.804884,0.3307,0.4257,-0.0491,0.54
14.804968,0.414,0.6021,-0.1938,0.76
14.821569,0.6024,0.6555,-0.4249,0.99
14.822771,0.7412,0.6016,-0.5109,1.08
14.837859,0.9565,0.4857,-0.6238,1.24
14.853916,1.1837,0.3588,-0.6469,1.4
14.853992,1.3248,0.2102,-0.6441,1.49
14.870435,1.4167,0.0807,-0.6426,1.56
14.873118,1.5075,0.0765,-0.6025,1.63
14.88677,1.6546,0.0784,-0.5683,1.75
14.902679,1.7251,0.0974,-0.5066,1.8
14.903287,1.7132,0.1266,-0.3882,1.76
14.929946,1.7303,0.2057,-0.3064,1.77
14.930023,1.7169,0.2214,-0.241,1.75
14.947574,1.6631,0.2173,-0.2408,1.69
14.947906,1.5636,0.1955,-0.1709,1.59
14.963745,1.4085,0.185,-0.1565,1.43
14.964168,1.1666,0.2042,-0.2317,1.21
14.979858,0.9412,0.1631,-0.3151,1.01
14.996107,0.7726,0.0775,-0.4593,0.9
14.99653,0.6438,-0.0349,-0.5374,0.84
15.012598,0.5219,-0.1628,-0.6272,0.83
15.028571,0.4249,-0.2662,-0.73,0.89
15.028693,0.3828,-0.3366,-0.7619,0.92
15.034375,0.3451,-0.3094,-0.7911,0.92
15.048194,0.2962,-0.1818,-0.7697,0.84
15.054342,0.2345,0.0061,-0.7095,0.75
15.06649,0.1834,0.1965,-0.611,0.67
15.074517,0.1253,0.2406,-0.5032,0.57
15.084982,0.1931,0.1394,-0.3705,0.44
15.100379,0.0536,-0.0168,-0.2429,0.25
15.105159,-0.0914,-0.1965,-0.1863,0.29
15.117003,-0.3003,-0.4526,-0.1725,0.57
15.125933,-0.4352,-0.6326,-0.1792,0.79
15.135346,-0.3609,-0.9167,-0.1347,0.99
15.150576,-0.0375,-1.5482,-0.006,1.55
15.155948,0.4053,-2.2722,0.2161,2.32
15.167309,0.5675,-2.688,0.4009,2.78
15.175492,0.7374,-2.3303,0.5269,2.5
15.185488,0.9277,-1.8121,0.4981,2.1
15.200955,1.1371,-1.4989,0.3586,1.92
15.205608,1.3182,-1.296,0.2064,1.86
15.217853,1.4413,-1.1042,0.0308,1.82
15.22605,1.5178,-0.9543,-0.1866,1.8
15.240692,1.5634,-0.7999,-0.4348,1.81
15.255499,1.4921,-0.7475,-0.7394,1.83
15.255882,1.3665,-0.7595,-1.0891,1.91
15.272362,1.1721,-0.7314,-1.515,2.05
15.289023,0.9019,-0.7697,-2.14,2.45
15.289101,0.6561,-0.9344,-2.8282,3.05
15.305688,0.4514,-1.0502,-3.5294,3.71
15.306247,0.1533,-1.0533,-4.9615,5.07
15.322117,-0.4063,-0.8348,-6.695,6.76
15.338543,-1.0468,-0.3716,-6.0923,6.19
15.338634,-1.3898,-0.0536,-3.8387,4.08
15.35505,-1.6127,-0.1052,-1.343,2.1
15.356617,-1.8727,-0.4113,1.0365,2.18
15.371806,-1.966,-0.7076,2.1941,3.03
15.388303,-2.3974,-1.3419,2.7679,3.9
15.388432,-2.6068,-2.1428,2.8467,4.41
15.404767,-2.8071,-2.9554,2.9542,5.03
15.406878,-3.0257,-3.6335,3.1632,5.69
15.421301,-3.077,-4.1213,3.206,6.06
15.437802,-3.1009,-4.2616,3.3072,6.22
15.437897,-3.1036,-3.6099,3.4495,5.88
15.454178,-3.0539,-2.4465,3.5707,5.3
15.457266,-2.8066,-1.2366,3.9984,5.04
15.470995,-2.6484,-0.1566,4.2004,4.97
15.487527,-2.45,0.5961,4.3547,5.03
15.487667,-2.1317,1.0884,4.3695,4.98
15.504075,-1.7936,1.1919,4.571,5.05
15.507599,-1.6223,1.2324,4.3544,4.81
15.520672,-1.6191,1.1725,3.7616,4.26
15.537202,-1.4996,0.9599,3.1192,3.59
15.538137,-1.2996,0.734,2.5115,2.92
15.554014,-1.0677,0.5067,1.6417,2.02
15.558187,-0.9084,0.3978,0.8767,1.32
15.570249,-0.943,0.3125,0.274,1.03
15.587004,-1.1497,0.4301,-0.076,1.23
15.58858,-1.8691,0.6707,-0.5506,2.06
15.603697,-2.5939,1.0307,-0.6261,2.86
15.608768,-3.3308,1.2804,-0.2232,3.58
15.620313,-3.7543,1.4369,0.3564,4.04
15.637133,-3.8462,1.4847,0.6412,4.17
15.638609,-3.8005,1.4741,0.7003,4.14
15.653987,-3.4935,1.4759,0.807,3.88
15.660016,-3.0014,1.3733,0.8654,3.41
15.672055,-2.3235,1.2686,0.8989,2.8
15.693238,-1.5873,1.1318,0.994,2.19
15.706968,-0.1737,0.9098,1.0435,1.4
15.723076,0.431,0.8837,0.9383,1.36
15.723165,0.8203,0.9879,0.6662,1.45
