# Target Sample Rate: 400 Hz,,,,
# Max Device Sample Rate: 400 Hz,,,,
# Recording started at: 2026-02-07 14:07:28.678,,,,
time,Ï‰â‚“ (rad/s),Ï‰áµ§ (rad/s),Ï‰á¶» (rad/s),Ï‰_total (rad/s)
0.011408,0.16,-0.051,-0.115,0.204
0.024432,0.221,-0.135,-0.201,0.328
0.041121,0.188,-0.152,-0.182,0.303
0.056252,0.089,-0.136,-0.125,0.205
0.078685,0.005,-0.201,-0.09,0.22
0.094214,-0.069,-0.226,0.098,0.256
0.097951,-0.123,-0.141,0.265,0.325
0.100465,-0.13,-0.122,0.27,0.323
0.103146,-0.142,-0.1,0.273,0.323
0.105845,-0.152,-0.07,0.274,0.321
0.112279,-0.16,-0.025,0.266,0.312
0.115722,-0.184,0.089,0.24,0.315
0.118275,-0.192,0.109,0.23,0.319
0.120801,-0.201,0.121,0.222,0.323
0.123355,-0.207,0.125,0.214,0.323
0.129179,-0.216,0.127,0.208,0.325
0.129267,-0.221,0.127,0.202,0.326
0.130955,-0.226,0.131,0.204,0.332
0.133323,-0.23,0.138,0.207,0.338
0.135816,-0.227,0.15,0.213,0.346
0.138302,-0.223,0.171,0.222,0.358
0.145502,-0.217,0.197,0.231,0.373
0.148242,-0.194,0.294,0.268,0.443
0.150845,-0.19,0.324,0.288,0.473
0.153627,-0.184,0.352,0.304,0.5
0.156189,-0.181,0.373,0.32,0.523
0.163172,-0.179,0.388,0.336,0.544
0.163525,-0.179,0.399,0.352,0.561
0.163814,-0.183,0.399,0.368,0.572
0.166388,-0.19,0.389,0.388,0.581
0.168836,-0.197,0.376,0.407,0.588
0.171197,-0.205,0.361,0.426,0.595
0.179987,-0.219,0.348,0.446,0.607
0.183916,-0.271,0.293,0.523,0.658
0.186324,-0.282,0.286,0.539,0.672
0.18887,-0.294,0.278,0.555,0.687
0.196517,-0.306,0.273,0.564,0.697
0.199159,-0.346,0.273,0.6,0.744
0.201651,-0.357,0.279,0.608,0.759
0.204023,-0.368,0.286,0.619,0.775
0.206768,-0.38,0.297,0.631,0.794
0.213306,-0.391,0.306,0.644,0.813
0.213639,-0.404,0.316,0.656,0.833
0.214147,-0.414,0.324,0.666,0.848
0.216815,-0.418,0.327,0.675,0.859
0.219313,-0.422,0.327,0.683,0.867
0.221923,-0.423,0.324,0.691,0.873
0.22985,-0.421,0.318,0.697,0.874
0.234428,-0.371,0.335,0.688,0.851
0.236964,-0.351,0.346,0.684,0.843
0.23938,-0.33,0.356,0.678,0.833
0.246187,-0.304,0.353,0.68,0.824
0.249423,-0.233,0.192,0.738,0.798
0.251787,-0.209,0.111,0.77,0.806
0.254522,-0.182,0.029,0.808,0.828
0.262732,-0.156,-0.054,0.847,0.863
0.266914,-0.063,-0.359,0.993,1.058
0.269676,-0.045,-0.434,1.014,1.104
0.27202,-0.035,-0.516,1.024,1.147
0.279761,-0.023,-0.602,1.025,1.189
0.282181,-0.004,-0.876,0.968,1.306
0.284757,0.006,-0.961,0.93,1.338
0.289761,0.034,-1.119,0.813,1.384
0.296978,0.052,-1.215,0.739,1.423
0.299755,0.103,-1.678,0.545,1.768
0.302317,0.123,-1.895,0.504,1.964
0.30485,0.146,-2.121,0.472,2.177
0.316775,0.179,-2.354,0.456,2.404
0.319797,0.475,-3.29,0.472,3.358
0.322121,0.56,-3.412,0.47,3.489
0.332332,0.651,-3.518,0.46,3.607
0.334828,1.046,-3.868,0.364,4.023
0.339906,1.249,-4.076,0.304,4.274
0.348677,1.353,-4.187,0.282,4.41
0.352489,1.736,-4.663,0.241,4.982
0.355549,1.818,-4.779,0.242,5.119
0.364556,1.896,-4.892,0.252,5.253
0.36738,2.154,-5.279,0.345,5.712
0.36996,2.203,-5.359,0.388,5.807
0.372375,2.247,-5.425,0.44,5.888
0.380867,2.278,-5.486,0.5,5.961
0.385024,2.326,-5.648,0.8,6.16
0.387514,2.324,-5.669,0.883,6.19
0.397089,2.31,-5.678,0.967,6.205
0.400083,2.207,-5.607,1.253,6.155
0.402668,2.168,-5.556,1.319,6.108
0.40538,2.128,-5.492,1.388,6.051
0.413496,2.086,-5.417,1.455,5.984
0.417787,1.867,-4.991,1.739,5.606
0.420356,1.803,-4.861,1.808,5.491
0.423054,1.733,-4.727,1.88,5.374
0.42987,1.665,-4.59,1.948,5.257
0.432876,1.45,-4.174,2.134,4.907
0.435494,1.385,-4.035,2.19,4.795
0.437946,1.321,-3.894,2.241,4.683
0.446552,1.262,-3.759,2.285,4.576
0.450537,1.093,-3.224,2.389,4.159
0.452969,1.067,-3.118,2.404,4.079
0.455937,1.047,-3.027,2.415,4.011
0.463018,1.032,-2.956,2.422,3.958
0.465668,1.035,-2.836,2.44,3.882
0.468056,1.047,-2.822,2.442,3.875
0.470735,1.064,-2.819,2.444,3.88
0.480023,1.085,-2.828,2.444,3.892
0.483606,1.18,-2.899,2.45,3.975
0.486115,1.207,-2.909,2.454,3.993
0.488481,1.23,-2.921,2.463,4.014
0.496527,1.254,-2.926,2.468,4.028
0.501177,1.346,-2.93,2.493,4.076
0.503617,1.366,-2.921,2.501,4.081
0.506313,1.386,-2.906,2.512,4.084
0.513378,1.401,-2.885,2.529,4.085
0.516438,1.441,-2.807,2.589,4.081
0.51878,1.454,-2.774,2.615,4.08
0.521456,1.467,-2.739,2.643,4.08
0.529896,1.478,-2.707,2.672,4.08
0.533967,1.538,-2.594,2.79,4.108
0.536662,1.557,-2.57,2.808,4.113
0.538983,1.581,-2.551,2.824,4.121
0.546689,1.61,-2.531,2.832,4.125
0.549676,1.672,-2.507,2.832,4.135
0.55395,1.78,-2.477,2.791,4.135
0.557076,1.821,-2.473,2.773,4.138
0.563748,1.857,-2.473,2.754,4.141
0.566878,1.949,-2.485,2.687,4.146
0.56934,1.976,-2.488,2.663,4.146
0.571739,1.997,-2.494,2.641,4.145
0.580375,2.015,-2.499,2.62,4.143
0.584413,2.048,-2.504,2.546,4.117
0.587344,2.049,-2.504,2.533,4.109
0.589824,2.044,-2.508,2.524,4.103
0.611953,2.036,-2.514,2.521,4.101
0.616624,1.992,-2.565,2.346,4.006
0.619111,2.006,-2.553,2.306,3.983
0.621922,2.025,-2.542,2.267,3.963
0.629263,2.046,-2.53,2.221,3.939
0.632557,2.068,-2.519,2.178,3.92
0.646345,2.139,-2.468,2.042,3.852
0.649643,2.28,-2.192,1.772,3.625
0.651967,2.302,-2.123,1.734,3.579
0.654528,2.316,-2.054,1.702,3.533
0.662844,2.326,-1.985,1.671,3.485
0.666959,2.309,-1.72,1.584,3.286
0.669517,2.29,-1.654,1.571,3.232
0.671956,2.267,-1.585,1.556,3.174
0.679448,2.245,-1.516,1.548,3.12
0.682225,2.154,-1.315,1.533,2.953
0.684724,2.116,-1.257,1.532,2.899
0.687357,2.077,-1.2,1.535,2.848
0.689996,2.034,-1.148,1.541,2.798
0.696195,1.99,-1.1,1.545,2.749
0.696283,1.945,-1.05,1.548,2.698
0.697522,1.898,-1.002,1.546,2.645
0.699893,1.841,-0.945,1.539,2.579
0.702318,1.778,-0.879,1.53,2.505
0.704909,1.708,-0.811,1.516,2.424
0.7139,1.638,-0.748,1.502,2.345
0.717827,1.382,-0.566,1.448,2.08
0.720193,1.327,-0.534,1.436,2.027
0.72272,1.275,-0.509,1.426,1.98
0.730805,1.23,-0.485,1.415,1.936
0.735417,1.082,-0.427,1.397,1.817
0.737953,1.055,-0.42,1.396,1.799
0.749668,1.034,-0.42,1.391,1.784
0.7627,1,-0.448,1.391,1.771
0.765463,1.075,-0.512,1.358,1.807
0.767852,1.093,-0.518,1.343,1.808
0.770324,1.113,-0.52,1.323,1.805
0.772845,1.122,-0.523,1.298,1.794
0.77926,1.129,-0.528,1.261,1.773
0.779383,1.136,-0.519,1.228,1.751
0.780512,1.143,-0.501,1.197,1.729
0.783124,1.154,-0.478,1.164,1.707
0.785655,1.166,-0.451,1.127,1.683
0.788052,1.169,-0.422,1.086,1.651
0.796194,1.167,-0.394,1.045,1.615
0.800656,1.064,-0.248,0.854,1.387
0.803218,1.008,-0.197,0.809,1.308
0.805661,0.927,-0.123,0.766,1.209
0.813339,0.801,-0.008,0.736,1.088
0.818341,-0.118,0.598,0.731,0.952
0.820763,-0.382,0.713,0.758,1.109
0.8235,-0.633,0.797,0.786,1.286
0.831103,-0.853,0.863,0.812,1.46
0.835923,-1.368,0.994,0.788,1.865
0.838527,-1.411,1.008,0.752,1.89
0.849637,-1.427,1.015,0.705,1.888
0.853655,-1.165,0.932,0.411,1.547
0.856188,-1.053,0.899,0.344,1.427
0.866754,-0.924,0.863,0.281,1.295
0.871148,-0.296,0.792,-0.002,0.846
0.884061,-0.213,0.762,-0.049,0.793
0.888783,-0.111,0.454,-0.24,0.526
0.900844,-0.126,0.413,-0.26,0.504
0.9038,-0.154,0.174,-0.357,0.426
0.906353,-0.14,0.116,-0.371,0.413
0.917261,-0.122,0.058,-0.384,0.407
0.92166,-0.008,-0.3,-0.462,0.551
0.934275,0.015,-0.387,-0.488,0.623
0.936871,0.132,-0.88,-0.704,1.135
0.939328,0.162,-0.984,-0.76,1.253
0.951036,0.194,-1.082,-0.811,1.366
0.954442,0.278,-1.448,-0.889,1.722
0.96809,0.273,-1.502,-0.864,1.755
0.971984,0.205,-1.682,-0.546,1.781
0.984467,0.205,-1.7,-0.469,1.775
0.987365,0.288,-1.728,-0.11,1.756
0.989688,0.318,-1.744,-0.054,1.774
1.001407,0.35,-1.762,-0.003,1.797
1.004707,0.58,-1.876,0.12,1.968
1.01805,0.635,-1.894,0.117,2.001
1.022568,0.883,-1.949,-0.038,2.14
1.034584,0.906,-1.94,-0.084,2.143
1.037585,0.898,-1.839,-0.267,2.064
1.040288,0.873,-1.829,-0.29,2.048
1.051236,0.848,-1.827,-0.303,2.037
1.055215,0.626,-1.79,-0.278,1.917
1.067923,0.59,-1.769,-0.302,1.889
1.071393,0.422,-1.56,-0.424,1.671
1.084583,0.36,-1.454,-0.447,1.564
1.087841,0.111,-1.119,-0.39,1.19
1.101425,0.057,-1.051,-0.376,1.118
1.105908,-0.111,-0.618,-0.328,0.709
1.118236,-0.104,-0.544,-0.319,0.639
1.123134,-0.101,-0.089,-0.278,0.309
1.135341,-0.112,-0.016,-0.281,0.302
1.138361,-0.194,0.314,-0.341,0.502
1.152352,-0.215,0.379,-0.361,0.566
1.156245,-0.465,0.728,-0.482,0.99
1.169112,-0.512,0.77,-0.498,1.05
1.173793,-0.802,1.126,-0.681,1.541
1.185981,-0.848,1.173,-0.712,1.613
1.188601,-1.014,1.318,-0.801,1.846
1.20269,-1.03,1.322,-0.817,1.864
1.206202,-1.011,1.139,-0.93,1.785
1.219538,-0.999,1.101,-0.95,1.764
1.236377,-0.973,0.835,-1.085,1.68
1.239071,-0.794,0.331,-0.98,1.305
1.253302,-0.782,0.258,-0.987,1.285
1.25689,-0.842,0.042,-1.005,1.312
1.271495,-0.869,0.021,-1.008,1.331
1.286577,-1.012,-0.072,-1.028,1.444
1.289253,-1.136,-0.081,-1.084,1.572
1.304051,-1.166,-0.051,-1.104,1.607
1.327389,-1.355,0.053,-1.317,1.89
1.331884,-1.239,-0.146,-1.458,1.918
1.334556,-1.234,-0.141,-1.481,1.933
1.336963,-1.222,-0.146,-1.511,1.948
1.33996,-1.206,-0.153,-1.533,1.957
1.34589,-1.181,-0.163,-1.562,1.965
1.349561,-1.087,-0.2,-1.576,1.925
1.352081,-1.055,-0.226,-1.55,1.889
1.3547,-1.018,-0.264,-1.516,1.845
1.363478,-0.976,-0.307,-1.479,1.798
1.367459,-0.794,-0.549,-1.345,1.656
1.36984,-0.758,-0.629,-1.305,1.635
1.372569,-0.722,-0.713,-1.268,1.624
1.380754,-0.689,-0.807,-1.228,1.623
1.385085,-0.525,-1.217,-1.07,1.703
1.387475,-0.476,-1.317,-1.036,1.742
1.398398,-0.429,-1.419,-1.007,1.792
1.403037,-0.181,-1.881,-0.952,2.115
1.405342,-0.136,-1.954,-0.95,2.177
1.41523,-0.091,-2.021,-0.954,2.237
1.418001,0.071,-2.246,-0.996,2.458
1.420241,0.106,-2.283,-1.008,2.498
1.422841,0.139,-2.314,-1.024,2.534
1.432078,0.161,-2.335,-1.041,2.562
1.435497,0.23,-2.335,-1.049,2.57
1.43797,0.252,-2.311,-1.038,2.546
1.448827,0.273,-2.278,-1.021,2.511
1.453038,0.343,-2.07,-0.924,2.293
1.455657,0.347,-2.025,-0.902,2.244
1.465833,0.348,-1.982,-0.887,2.199
1.468459,0.355,-1.793,-0.759,1.979
1.470833,0.363,-1.739,-0.713,1.914
1.482951,0.382,-1.64,-0.618,1.794
1.485823,0.43,-1.465,-0.435,1.588
1.488236,0.445,-1.418,-0.404,1.54
1.499854,0.459,-1.368,-0.361,1.488
1.5034,0.544,-1.061,-0.133,1.2
1.505964,0.56,-1.008,-0.092,1.157
1.516782,0.581,-0.958,-0.058,1.122
1.521109,0.685,-0.827,-0.02,1.074
1.523587,0.704,-0.817,-0.018,1.079
1.533758,0.725,-0.812,-0.026,1.089
1.536291,0.785,-0.845,-0.014,1.154
1.538739,0.79,-0.852,-0.003,1.161
1.551175,0.79,-0.855,0.01,1.164
1.553905,0.718,-0.691,0.123,1.004
1.556389,0.697,-0.662,0.171,0.976
1.5681,0.671,-0.636,0.208,0.948
1.571388,0.502,-0.388,0.161,0.655
1.585218,0.466,-0.292,0.144,0.569
1.589054,0.197,0.102,-0.144,0.265
1.602119,0.163,0.138,-0.192,0.287
1.606845,-0.01,0.462,-0.38,0.598
1.619051,-0.035,0.514,-0.412,0.66
1.621733,-0.167,0.752,-0.576,0.961
1.636027,-0.195,0.804,-0.607,1.026
1.639457,-0.388,1.035,-0.797,1.363
1.653297,-0.416,1.056,-0.819,1.4
1.657131,-0.447,0.98,-0.829,1.359
1.670047,-0.408,0.943,-0.814,1.311
1.688201,-0.062,0.523,-0.588,0.789
1.705282,0.252,-0.115,-0.328,0.43
1.722343,0.407,-0.345,-0.182,0.564
1.739052,0.415,-0.245,-0.372,0.609
1.756194,0.392,0.084,-0.512,0.65
1.762107,0.431,0.216,-0.678,0.832
1.762285,0.44,0.234,-0.715,0.872
1.773783,0.448,0.257,-0.748,0.909
1.777612,0.499,0.444,-0.924,1.14
1.780944,0.514,0.468,-0.925,1.157
1.782647,0.54,0.486,-0.906,1.162
1.785283,0.571,0.502,-0.873,1.158
1.787745,0.605,0.514,-0.831,1.15
1.790551,0.638,0.53,-0.776,1.136
1.801066,0.667,0.546,-0.716,1.121
1.80553,0.753,0.62,-0.38,1.047
1.819023,0.751,0.64,-0.299,1.031
1.823265,0.554,0.813,0.154,0.996
1.836742,0.49,0.841,0.217,0.997
1.854202,0.013,0.987,0.514,1.113
1.871963,-0.032,1.007,0.458,1.107
1.889339,0.349,0.885,0.426,1.042
1.906883,0.587,0.946,0.438,1.196
1.911199,0.629,0.958,0.257,1.175
1.915095,0.61,0.966,0.231,1.165
1.916555,0.587,0.98,0.207,1.161
1.918775,0.563,0.997,0.186,1.16
1.921407,0.548,1.017,0.171,1.168
1.928859,0.529,1.03,0.162,1.169
1.933824,0.42,1.111,0.105,1.192
1.936443,0.385,1.133,0.086,1.2
1.938997,0.349,1.154,0.066,1.208
1.947404,0.309,1.182,0.049,1.223
1.951336,0.165,1.33,-0.005,1.34
1.953876,0.125,1.356,-0.026,1.362
1.956458,0.081,1.368,-0.055,1.372
1.965807,0.04,1.378,-0.086,1.381
1.968939,-0.066,1.387,-0.156,1.397
1.971603,-0.08,1.382,-0.16,1.394
1.983597,-0.088,1.371,-0.156,1.382
1.986775,-0.112,1.234,-0.119,1.245
1.989261,-0.111,1.202,-0.11,1.212
2.001436,-0.104,1.175,-0.098,1.183
2.004679,-0.035,1.078,-0.014,1.078
2.007107,-0.011,1.061,0.007,1.061
2.018807,0.014,1.041,0.025,1.042
2.022244,0.194,0.876,0.098,0.903
2.03626,0.245,0.818,0.094,0.859
2.03977,0.572,0.327,0.071,0.663
2.053542,0.625,0.235,0.069,0.671
2.070952,0.877,-0.222,0.035,0.905
2.088452,0.952,-0.445,0.059,1.052
2.105473,0.762,-0.336,0.185,0.853
2.110174,0.478,-0.072,0.316,0.577
2.112587,0.441,-0.04,0.339,0.558
2.115665,0.406,-0.006,0.368,0.548
2.117733,0.374,0.026,0.393,0.543
2.120241,0.344,0.055,0.41,0.538
2.122795,0.32,0.079,0.424,0.537
2.1287,0.302,0.102,0.428,0.533
2.13267,0.289,0.135,0.433,0.538
2.135371,0.299,0.137,0.429,0.54
2.137798,0.318,0.138,0.424,0.547
2.146832,0.34,0.136,0.414,0.553
2.150565,0.467,0.14,0.368,0.611
2.153021,0.496,0.137,0.354,0.624
2.155747,0.523,0.134,0.341,0.639
2.165655,0.546,0.134,0.326,0.649
2.168255,0.564,0.119,0.27,0.636
2.170773,0.553,0.116,0.255,0.62
2.173339,0.538,0.109,0.248,0.603
2.183338,0.518,0.107,0.237,0.58
2.186203,0.44,0.1,0.213,0.499
2.188552,0.422,0.102,0.213,0.484
2.206065,0.408,0.103,0.21,0.47
2.208953,0.316,0.099,0.228,0.401
2.213483,0.311,0.094,0.228,0.397
2.216238,0.315,0.091,0.224,0.397
2.218568,0.319,0.087,0.22,0.397
2.220709,0.328,0.083,0.214,0.4
2.223369,0.339,0.084,0.206,0.406
2.228786,0.349,0.09,0.201,0.412
2.233673,0.371,0.117,0.199,0.437
2.23623,0.37,0.129,0.203,0.441
2.238639,0.365,0.142,0.208,0.443
2.246502,0.357,0.161,0.216,0.447
2.249145,0.293,0.233,0.229,0.439
2.253864,0.232,0.287,0.235,0.437
2.256859,0.202,0.313,0.246,0.446
2.266266,0.175,0.343,0.254,0.461
2.26926,0.083,0.49,0.305,0.583
2.271444,0.062,0.52,0.321,0.615
2.284527,0.05,0.542,0.338,0.641
2.289109,-0.004,0.595,0.433,0.736
2.301985,-0.005,0.58,0.443,0.73
2.306482,-0.005,0.357,0.437,0.565
2.330382,0.001,0.315,0.432,0.535
2.352641,0.108,0.01,0.432,0.445
2.370339,0.423,-0.105,0.493,0.658
2.387941,0.67,-0.285,0.377,0.82
2.392728,0.687,-0.319,0.326,0.825
2.394861,0.678,-0.307,0.325,0.812
2.397651,0.663,-0.298,0.319,0.794
2.400184,0.648,-0.291,0.306,0.774
2.40226,0.632,-0.285,0.288,0.751
2.404915,0.619,-0.264,0.294,0.734
2.412225,0.613,-0.238,0.316,0.729
2.414943,0.591,-0.153,0.359,0.708
2.417428,0.585,-0.129,0.362,0.7
2.419817,0.581,-0.102,0.369,0.696
2.422302,0.572,-0.072,0.384,0.693
2.431323,0.562,-0.038,0.395,0.688
2.43532,0.485,0.106,0.409,0.643
2.437888,0.463,0.14,0.412,0.635
2.450721,0.44,0.166,0.402,0.619
2.455358,0.327,0.29,0.428,0.612
2.468583,0.312,0.301,0.424,0.606
2.472784,0.212,0.344,0.253,0.477
2.486279,0.189,0.348,0.211,0.448
2.489206,0.049,0.374,0.015,0.377
2.505423,0.007,0.387,-0.011,0.387
2.523554,-0.387,0.487,-0.181,0.648
2.526118,-0.765,0.615,-0.347,1.041
2.529963,-0.809,0.632,-0.37,1.092
2.534306,-0.899,0.662,-0.413,1.19
2.536336,-0.941,0.675,-0.433,1.237
2.538986,-0.981,0.69,-0.455,1.283
2.549144,-1.017,0.698,-0.478,1.323
2.55387,-1.19,0.706,-0.577,1.499
2.555908,-1.22,0.697,-0.598,1.528
2.567221,-1.253,0.688,-0.625,1.56
2.570596,-1.34,0.578,-0.68,1.61
2.573116,-1.339,0.538,-0.681,1.595
2.585131,-1.343,0.495,-0.685,1.587
2.588447,-1.305,0.188,-0.681,1.484
2.603021,-1.297,0.117,-0.676,1.467
2.606072,-1.249,-0.321,-0.633,1.437
2.620801,-1.241,-0.396,-0.627,1.445
2.623807,-1.159,-0.879,-0.616,1.58
2.63876,-1.14,-0.973,-0.624,1.623
2.656433,-0.924,-1.56,-0.671,1.934
2.674575,-0.393,-2.192,-0.647,2.319
2.679206,0.37,-2.885,-0.577,2.965
2.681647,0.461,-2.948,-0.574,3.038
2.684177,0.544,-3.001,-0.574,3.104
2.686737,0.628,-3.037,-0.579,3.155
2.68959,0.704,-3.065,-0.585,3.199
2.696615,0.776,-3.083,-0.583,3.232
2.699658,0.912,-3.088,-0.6,3.275
2.702256,0.929,-3.067,-0.611,3.263
2.704608,0.932,-3.035,-0.622,3.236
2.707281,0.923,-2.992,-0.637,3.195
2.715955,0.896,-2.938,-0.656,3.141
2.719796,0.697,-2.834,-0.589,2.977
2.722275,0.628,-2.761,-0.587,2.891
2.734527,0.544,-2.67,-0.612,2.793
2.737511,0.1,-2.256,-0.711,2.367
2.740003,0.023,-2.16,-0.709,2.273
2.752305,-0.052,-2.053,-0.699,2.17
2.755112,-0.33,-1.705,-0.563,1.825
2.770275,-0.369,-1.682,-0.536,1.804
2.778088,-0.45,-1.517,-0.525,1.667
2.778304,-0.447,-1.498,-0.517,1.647
2.778439,-0.434,-1.481,-0.491,1.62
2.791974,-0.415,-1.464,-0.451,1.587
2.795426,-0.183,-1.376,-0.043,1.388
2.797602,-0.125,-1.349,0.075,1.357
2.799992,-0.065,-1.316,0.167,1.328
2.803003,0.006,-1.281,0.258,1.307
2.805148,0.08,-1.237,0.362,1.291
2.813731,0.159,-1.185,0.458,1.28
2.817944,0.456,-0.963,0.791,1.327
2.820688,0.518,-0.917,0.845,1.35
2.822972,0.567,-0.877,0.876,1.363
2.834384,0.607,-0.847,0.881,1.365
2.838224,0.731,-0.779,0.889,1.39
2.85329,0.741,-0.789,0.878,1.394
2.856259,0.859,-0.788,0.878,1.459
2.8721,0.88,-0.768,0.908,1.48
2.890913,0.903,-0.461,1.002,1.425
2.893784,0.858,-0.154,1.065,1.376
2.898237,0.842,-0.102,1.097,1.386
2.900749,0.842,-0.071,1.104,1.39
2.903458,0.843,-0.04,1.11,1.394
2.905944,0.847,-0.014,1.109,1.395
2.91194,0.858,0.017,1.113,1.405
2.915928,0.903,0.062,1.181,1.488
2.918437,0.921,0.069,1.226,1.534
2.920849,0.944,0.075,1.277,1.59
2.923484,0.97,0.083,1.328,1.646
2.930762,1.001,0.085,1.377,1.704
2.933437,1.086,0.107,1.553,1.898
2.936017,1.113,0.116,1.609,1.96
2.938592,1.139,0.122,1.657,2.015
2.948921,1.165,0.132,1.694,2.06
2.95373,1.259,0.091,1.797,2.196
2.956205,1.258,0.073,1.782,2.183
2.967543,1.264,0.066,1.762,2.169
2.971139,1.366,0.089,1.628,2.127
2.973791,1.342,0.106,1.589,2.083
2.985942,1.302,0.129,1.551,2.029
2.988894,1.127,0.372,1.43,1.859
3.004552,1.094,0.433,1.421,1.845
3.022746,0.807,0.823,1.173,1.644
3.041131,0.512,1.145,0.739,1.455
3.059494,0.142,1.64,0.212,1.66
3.07744,-0.318,2.054,-0.06,2.08
3.082089,-0.403,1.622,-0.117,1.675
3.084602,-0.383,1.507,-0.13,1.56
3.087018,-0.357,1.38,-0.151,1.433
3.089801,-0.324,1.244,-0.17,1.296
3.096832,-0.284,1.105,-0.193,1.158
3.099774,-0.139,0.7,-0.272,0.764
3.102186,-0.084,0.574,-0.3,0.653
3.104852,-0.026,0.451,-0.325,0.557
3.115971,0.033,0.329,-0.352,0.483
3.120112,0.315,-0.119,-0.488,0.593
3.122689,0.363,-0.173,-0.514,0.652
3.134802,0.403,-0.216,-0.538,0.706
3.137839,0.519,-0.252,-0.635,0.858
3.140278,0.521,-0.227,-0.65,0.864
3.153126,0.517,-0.195,-0.661,0.862
3.155879,0.367,0.051,-0.661,0.758
3.17331,0.312,0.114,-0.652,0.732
3.178152,-0.232,0.655,-0.641,0.945
3.180681,-0.252,0.704,-0.667,1.002
3.183083,-0.253,0.742,-0.701,1.052
3.185886,-0.244,0.761,-0.741,1.09
3.188084,-0.23,0.769,-0.786,1.123
3.190501,-0.214,0.763,-0.834,1.15
3.195838,-0.198,0.751,-0.88,1.174
3.196193,-0.184,0.728,-0.926,1.192
3.198261,-0.166,0.704,-0.968,1.208
3.200763,-0.145,0.674,-1.003,1.217
3.203266,-0.118,0.644,-1.03,1.221
3.205636,-0.087,0.607,-1.051,1.217
3.214836,-0.047,0.562,-1.066,1.206
3.218423,0.158,0.31,-1.066,1.121
3.220767,0.213,0.234,-1.059,1.106
3.223355,0.267,0.153,-1.052,1.096
3.233347,0.322,0.076,-1.038,1.089
3.236059,0.545,-0.199,-0.979,1.138
3.238514,0.599,-0.253,-0.95,1.151
3.25234,0.653,-0.305,-0.919,1.168
3.256334,0.865,-0.467,-0.733,1.227
3.270527,0.873,-0.479,-0.702,1.218
3.273818,0.76,-0.476,-0.406,0.984
3.289459,0.804,-0.515,-0.286,0.997
3.307999,0.895,-0.26,0.828,1.247
3.326124,0.893,-0.106,0.531,1.044
3.328914,0.009,0.453,0.004,0.454
3.331401,-0.096,0.461,-0.015,0.471
3.333851,0.044,0.001,-0.033,0.055
3.336464,0.192,-0.208,0.018,0.284
3.339181,0.237,-0.118,0.032,0.266
3.346062,0.203,-0.058,-0.041,0.215
3.34681,0.142,-0.033,-0.151,0.21
3.346864,0.099,-0.043,-0.273,0.294
3.349047,0.08,-0.079,-0.399,0.415
3.351509,0.079,-0.117,-0.521,0.54
3.354125,0.087,-0.152,-0.617,0.641
3.356718,0.099,-0.193,-0.695,0.728
3.365131,0.116,-0.232,-0.75,0.794
3.36951,0.188,-0.252,-0.746,0.81
3.371915,0.153,-0.208,-0.728,0.772
3.383732,0.11,-0.157,-0.694,0.72
3.38707,-0.06,0.199,-0.48,0.523
3.389727,-0.072,0.24,-0.468,0.531
3.402705,-0.076,0.294,-0.463,0.553
3.407405,-0.117,0.576,-0.491,0.766
3.421242,-0.149,0.651,-0.494,0.831
3.439792,-0.216,0.827,-0.503,0.992
3.458535,0,0.722,-0.565,0.917
3.476802,0.295,0.535,-0.568,0.835
3.480344,0.374,0.53,-0.121,0.66
3.482838,0.355,0.541,-0.054,0.649
3.485348,0.336,0.555,0.003,0.648
3.487789,0.315,0.565,0.054,0.649
3.490431,0.295,0.569,0.088,0.647
3.497749,0.281,0.568,0.12,0.646
3.500423,0.321,0.449,0.149,0.572
3.502862,0.376,0.351,0.094,0.523
3.50548,0.438,0.257,-0.012,0.508
3.516521,0.491,0.186,-0.174,0.554
3.520538,0.426,0.11,-1.022,1.113
3.522965,0.402,0.098,-1.082,1.158
3.535707,0.376,0.079,-1.116,1.18
3.538268,0.187,0.113,-1.263,1.281
3.540846,0.141,0.156,-1.262,1.279
3.554446,0.092,0.207,-1.247,1.267
3.573248,-0.269,0.536,-1.119,1.27
3.592058,-0.557,1.009,-1.211,1.672
3.610209,-0.798,1.439,-0.906,1.878
3.613816,-1.422,2.11,-0.286,2.56
3.616266,-1.426,2.138,-0.271,2.584
3.619077,-1.42,2.146,-0.261,2.586
3.621811,-1.408,2.139,-0.254,2.573
3.624235,-1.392,2.118,-0.257,2.548
3.63799,-1.381,2.107,-0.264,2.533
3.657022,-1.35,1.831,-0.305,2.295
3.67576,-0.765,0.623,-0.409,1.068
3.693847,-0.286,-0.192,-0.561,0.658
3.697172,0.048,-0.675,-0.707,0.978
3.699365,0.026,-0.702,-0.699,0.992
3.701853,0.009,-0.704,-0.689,0.984
3.70431,-0.007,-0.702,-0.665,0.967
3.707045,-0.024,-0.697,-0.633,0.942
3.713584,-0.052,-0.688,-0.594,0.91
3.713925,-0.099,-0.685,-0.548,0.883
3.7147,-0.156,-0.692,-0.488,0.861
3.71714,-0.218,-0.695,-0.421,0.841
3.719476,-0.29,-0.702,-0.347,0.835
3.722109,-0.366,-0.719,-0.272,0.852
3.732333,-0.455,-0.752,-0.194,0.9
3.734959,-0.709,-0.819,0.15,1.093
3.739635,-0.762,-0.832,0.341,1.179
3.75125,-0.775,-0.828,0.421,1.21
3.754912,-0.789,-0.793,0.694,1.317
3.757316,-0.791,-0.789,0.724,1.331
3.770039,-0.789,-0.791,0.752,1.347
3.773018,-0.799,-0.926,0.966,1.558
3.788783,-0.8,-0.947,1.019,1.605
3.79401,-0.87,-1.032,1.362,1.917
3.794196,-0.879,-1.009,1.416,1.949
3.80795,-0.882,-0.958,1.481,1.972
3.812192,-0.766,-0.665,1.889,2.144
3.815121,-0.735,-0.634,1.946,2.174
3.817614,-0.694,-0.585,2.016,2.211
3.819983,-0.651,-0.535,2.096,2.259
3.823077,-0.609,-0.51,2.177,2.317
3.829225,-0.572,-0.471,2.255,2.373
3.832634,-0.503,-0.441,2.436,2.526
3.835003,-0.497,-0.453,2.466,2.556
3.83747,-0.49,-0.435,2.477,2.563
3.839877,-0.475,-0.394,2.484,2.559
3.848563,-0.456,-0.341,2.513,2.576
3.852785,-0.382,-0.053,2.693,2.72
3.855293,-0.378,-0.047,2.7,2.727
3.867365,-0.364,-0.008,2.683,2.708
3.870555,-0.359,0.336,2.143,2.199
3.873043,-0.383,0.386,1.977,2.05
3.887728,-0.407,0.417,1.795,1.887
3.890736,-0.303,0.5,0.621,0.853
3.907598,-0.239,0.507,0.449,0.718
3.926793,0.213,0.673,-0.164,0.725
3.930683,0.277,1.002,-0.482,1.146
3.933264,0.23,1.03,-0.501,1.168
3.935836,0.177,1.054,-0.51,1.184
3.938236,0.121,1.074,-0.518,1.199
3.94606,0.059,1.089,-0.517,1.207
3.950866,-0.227,1.028,-0.469,1.152
3.953739,-0.311,0.981,-0.446,1.121
3.955987,-0.387,0.943,-0.425,1.105
3.965535,-0.463,0.902,-0.416,1.096
3.968503,-0.688,0.624,-0.301,0.976
3.970978,-0.73,0.523,-0.244,0.93
3.973732,-0.761,0.436,-0.195,0.899
3.984936,-0.785,0.384,-0.143,0.885
3.988522,-0.938,-0.049,0.203,0.961
4.004136,-0.981,-0.167,0.271,1.031
4.023754,-1.364,-1.362,0.705,2.053
4.042989,-1.632,-2.013,1.421,2.955
4.061775,-0.986,-0.794,2.371,2.688
4.064678,0.17,0.72,2.887,2.981
4.067033,0.383,1.073,2.931,3.145
4.069944,0.6,1.443,2.978,3.363
4.072446,0.8,1.76,3.019,3.585
4.08829,0.981,2.026,3.051,3.791
4.107026,1.53,2.275,3.364,4.339
4.125954,1.466,1.544,3.706,4.274
4.145206,0.774,-0.488,3.48,3.598
4.164264,-0.997,-4.14,2.495,4.936
4.183202,-1.561,-5.522,1.554,5.945
4.187462,-1.59,-4.936,1.831,5.499
4.189912,-1.609,-4.733,1.921,5.356
4.202322,-1.622,-4.423,2.018,5.126
4.205169,-1.219,-1.55,2.499,3.183
4.221633,-1.066,-0.877,2.6,2.944
4.240831,-0.418,2.517,3.133,4.04
4.260069,-0.49,4.002,3.427,5.291
4.27924,-0.499,3.141,2.832,4.259
4.298582,-0.659,0.36,0.691,1.02
4.317963,-0.511,-2.19,-1.232,2.564
4.320977,-0.19,-0.849,-0.662,1.094
4.32354,-0.154,-0.764,-0.604,0.986
4.337192,-0.114,-0.69,-0.559,0.895
4.356294,0.09,-0.443,-0.32,0.553
4.375858,0.268,-0.52,-0.164,0.608
4.379059,0.403,-1.327,-0.3,1.419
4.381667,0.414,-1.477,-0.342,1.571
4.383988,0.425,-1.652,-0.38,1.747
4.386552,0.448,-1.87,-0.407,1.965
4.389322,0.474,-2.115,-0.424,2.209
4.397404,0.497,-2.371,-0.437,2.461
4.402066,0.466,-3.002,-0.46,3.073
4.407394,0.436,-3.075,-0.461,3.139
4.416489,0.376,-3.143,-0.447,3.197
4.419593,0.289,-2.995,-0.353,3.029
4.422008,0.286,-2.909,-0.316,2.94
4.436252,0.293,-2.808,-0.274,2.837
4.439774,0.5,-1.853,0.046,1.92
4.455626,0.561,-1.636,0.117,1.733
4.475042,0.992,-0.076,0.575,1.149
4.494368,1.284,2.435,0.84,2.878
4.51386,0.904,4.074,0.651,4.224
4.532752,0.213,3.728,0.317,3.748
4.535311,0.095,0.838,0.104,0.85
4.540075,0.113,0.141,0.058,0.19
4.552553,0.116,-0.157,0.031,0.198
4.555324,0.057,-1.054,-0.089,1.059
4.572002,0.044,-1.141,-0.11,1.148
4.591567,-0.009,-1.375,-0.284,1.404
4.595771,0.101,-1.258,-0.209,1.28
4.598274,0.111,-1.251,-0.187,1.27
4.600581,0.116,-1.245,-0.166,1.261
4.603184,0.119,-1.24,-0.152,1.255
4.606049,0.12,-1.23,-0.145,1.244
4.613762,0.12,-1.202,-0.141,1.216
4.615982,0.121,-1.018,-0.138,1.034
4.618322,0.132,-0.938,-0.146,0.958
4.620814,0.143,-0.853,-0.157,0.879
4.623497,0.155,-0.759,-0.167,0.792
4.633463,0.164,-0.665,-0.181,0.708
4.636308,0.157,-0.343,-0.274,0.467
4.638722,0.137,-0.267,-0.3,0.424
4.656277,0.107,-0.188,-0.328,0.393
4.67601,-0.112,0.394,-0.553,0.688
4.695548,-0.165,0.882,-0.573,1.064
4.714639,0.244,1.195,-0.359,1.271
4.734298,0.748,1.292,-0.042,1.493
4.753334,0.285,0.722,0.188,0.798
4.757079,-0.328,0.044,0.128,0.355
4.772509,-0.377,-0.023,0.116,0.395
4.791983,-0.446,-0.278,0.123,0.54
4.799113,-0.219,-0.147,0.557,0.616
4.799361,-0.195,-0.107,0.631,0.669
4.799463,-0.177,-0.067,0.706,0.731
4.809136,-0.16,-0.032,0.774,0.791
4.817556,-0.138,0.034,0.932,0.942
4.819813,-0.153,0.027,1.038,1.05
4.822341,-0.159,0.011,1.054,1.066
4.835563,-0.164,-0.008,1.07,1.083
4.839645,-0.159,-0.195,1.184,1.211
4.855066,-0.146,-0.241,1.206,1.238
4.875536,0.031,-0.542,1.331,1.437
4.895854,0.458,-0.772,1.463,1.717
4.900412,0.861,-0.956,1.472,1.955
4.903039,0.887,-0.989,1.463,1.976
4.905828,0.907,-1.023,1.453,1.995
4.916417,0.928,-1.061,1.446,2.02
4.9203,1.002,-1.222,1.386,2.102
4.922921,1.017,-1.237,1.382,2.115
4.936371,1.034,-1.242,1.377,2.123
4.940556,1.176,-1.153,1.397,2.16
4.956036,1.206,-1.115,1.405,2.161
4.975694,1.338,-0.84,1.405,2.114
4.978413,1.382,-0.478,1.317,1.968
4.980838,1.377,-0.432,1.301,1.943
4.983289,1.371,-0.394,1.281,1.917
4.986055,1.366,-0.35,1.268,1.897
4.988567,1.361,-0.302,1.255,1.875
4.99911,1.352,-0.255,1.237,1.851
5.003414,1.308,-0.007,1.155,1.746
5.006073,1.298,0.038,1.136,1.725
5.019196,1.282,0.085,1.117,1.702
5.023522,1.185,0.287,1.004,1.579
5.039062,1.16,0.319,0.983,1.554
5.058913,1.037,0.546,0.869,1.459
5.06154,0.855,0.712,0.697,1.313
5.06639,0.821,0.722,0.636,1.264
5.068975,0.807,0.727,0.599,1.24
5.071422,0.794,0.727,0.564,1.215
5.079812,0.782,0.727,0.524,1.189
5.083993,0.745,0.707,0.344,1.083
5.086528,0.742,0.702,0.298,1.064
5.089013,0.739,0.698,0.25,1.047
5.099876,0.741,0.699,0.204,1.039
5.104622,0.753,0.743,-0.009,1.058
5.107208,0.756,0.757,-0.048,1.071
5.120539,0.759,0.766,-0.084,1.081
5.140382,0.729,0.786,-0.254,1.101
5.160246,0.638,0.747,-0.395,1.059
5.179909,0.439,0.625,-0.492,0.909
5.19985,0.148,0.461,-0.509,0.702
5.21982,-0.157,0.333,-0.315,0.484
5.222581,-0.328,0.285,-0.131,0.454
5.239705,-0.338,0.283,-0.124,0.458
5.259693,-0.323,0.343,-0.1,0.481
5.279721,-0.261,0.469,-0.007,0.537
5.300018,-0.362,0.431,0.27,0.624
5.324679,-0.43,0.129,0.444,0.631
5.328379,-0.097,-0.134,0.374,0.408
5.331397,-0.06,-0.166,0.346,0.388
5.334027,-0.029,-0.2,0.318,0.377
5.336092,0.005,-0.236,0.286,0.371
5.338847,0.034,-0.275,0.251,0.374
5.346437,0.063,-0.314,0.216,0.386
5.351351,0.143,-0.46,0.062,0.485
5.353863,0.158,-0.492,0.023,0.518
5.356444,0.169,-0.523,-0.016,0.55
5.366556,0.18,-0.555,-0.058,0.587
5.369088,0.209,-0.667,-0.232,0.737
5.371567,0.218,-0.686,-0.282,0.773
5.387011,0.23,-0.697,-0.392,0.833
5.40687,0.267,-0.484,-0.75,0.932
5.426802,0.156,0.337,-1.08,1.142
5.446495,-0.718,1.539,-1.368,2.181
5.466505,-2.285,1.718,-1.605,3.278
5.469484,-3.645,0.707,-1.78,4.118
5.471945,-3.712,0.62,-1.783,4.164
5.486767,-3.764,0.54,-1.784,4.2
5.490071,-3.754,0.219,-1.827,4.181
5.506918,-3.697,0.19,-1.826,4.128
5.526754,-3.019,0.267,-1.751,3.5
5.529823,-2.161,0.327,-1.532,2.669
5.532303,-2.082,0.322,-1.511,2.593
5.535062,-2.009,0.328,-1.486,2.52
5.537487,-1.94,0.341,-1.461,2.452
5.539893,-1.876,0.364,-1.433,2.388
5.546853,-1.815,0.386,-1.41,2.33
5.549862,-1.662,0.473,-1.342,2.187
5.552392,-1.617,0.506,-1.32,2.148
5.555049,-1.579,0.54,-1.297,2.114
5.557617,-1.543,0.572,-1.272,2.08
5.567696,-1.514,0.602,-1.245,2.05
5.570433,-1.396,0.711,-1.122,1.927
5.572945,-1.368,0.729,-1.089,1.894
5.58814,-1.335,0.736,-1.051,1.851
5.590614,-1.082,0.579,-0.826,1.479
5.608364,-1.032,0.54,-0.786,1.405
5.628404,-0.677,0.261,-0.597,0.94
5.648265,-0.254,-0.005,-0.454,0.521
5.668177,0.318,-0.08,-0.443,0.551
5.670959,0.924,0.164,-0.409,1.024
5.673957,0.967,0.207,-0.404,1.068
5.697725,1.005,0.259,-0.397,1.111
5.701169,0.882,0.983,-0.35,1.366
5.704036,0.804,1.055,-0.353,1.373
5.7069,0.718,1.118,-0.358,1.376
5.72058,0.622,1.167,-0.369,1.373
5.724107,-0.004,1.158,-0.451,1.242
5.740824,-0.096,1.102,-0.457,1.197
5.761239,-0.402,0.573,-0.4,0.806
5.781329,-0.332,-0.289,-0.185,0.477
5.801665,-0.07,-0.462,0.192,0.505
5.80678,0.168,-0.056,0.644,0.668
5.806962,0.179,-0.005,0.684,0.707
5.822732,0.195,0.046,0.718,0.745
5.842722,0.329,0.359,0.915,1.036
5.863048,0.56,0.776,0.984,1.372
5.867211,0.719,1.502,0.984,1.934
5.870016,0.724,1.548,0.975,1.968
5.87266,0.729,1.579,0.963,1.988
5.885046,0.731,1.603,0.949,2.001
5.887649,0.711,1.459,0.81,1.814
5.889968,0.706,1.373,0.771,1.725
5.907146,0.693,1.269,0.728,1.619
5.928327,0.573,0.239,0.407,0.743
5.932577,0.466,-0.686,0.235,0.862
5.935279,0.456,-0.682,0.24,0.855
5.937864,0.446,-0.659,0.251,0.834
5.94022,0.433,-0.617,0.261,0.798
5.948699,0.42,-0.555,0.268,0.746
5.952749,0.353,-0.158,0.279,0.477
5.955452,0.334,-0.014,0.268,0.428
5.969472,0.315,0.148,0.257,0.432
5.973201,0.28,1.403,0.102,1.434
5.990675,0.284,1.634,0.068,1.66
5.993415,0.106,2.695,-0.268,2.71
5.995774,0.035,2.712,-0.334,2.732
5.998211,-0.04,2.678,-0.41,2.709
6.000766,-0.118,2.59,-0.488,2.639
6.003261,-0.19,2.455,-0.57,2.528
6.005842,-0.252,2.274,-0.652,2.379
6.013069,-0.298,2.061,-0.73,2.207
6.013567,-0.327,1.829,-0.796,2.021
6.013987,-0.336,1.587,-0.836,1.825
6.016231,-0.333,1.348,-0.856,1.631
6.018746,-0.314,1.114,-0.859,1.441
6.021266,-0.286,0.89,-0.845,1.26
6.023562,-0.247,0.677,-0.825,1.095
6.034432,-0.197,0.476,-0.804,0.954
6.038764,0.131,-0.423,-0.743,0.865
6.041333,0.209,-0.564,-0.732,0.948
6.055115,0.286,-0.695,-0.723,1.043
6.075496,0.593,-1.224,-0.635,1.501
6.096157,0.455,-1.265,-0.334,1.385
6.117195,-0.185,-1.04,0.059,1.058
6.137919,-0.736,-0.723,0.173,1.046
6.158426,-0.378,-0.08,0.045,0.389
6.162035,0.017,0.706,0.348,0.787
6.164552,0.02,0.764,0.383,0.855
6.167033,0.016,0.818,0.415,0.917
6.169477,0.008,0.867,0.447,0.975
6.171961,-0.007,0.908,0.474,1.024
6.180184,-0.023,0.94,0.499,1.065
6.184918,-0.105,1.037,0.587,1.196
6.187372,-0.126,1.054,0.6,1.22
6.189925,-0.146,1.072,0.615,1.245
6.201111,-0.163,1.09,0.628,1.269
6.209028,-0.216,1.147,0.687,1.354
6.209485,-0.216,1.153,0.703,1.368
6.210593,-0.215,1.158,0.721,1.38
6.223931,-0.212,1.163,0.741,1.395
6.243529,-0.185,1.153,0.844,1.441
6.247654,-0.223,1.009,0.969,1.417
6.250607,-0.228,0.979,0.976,1.401
6.252821,-0.234,0.942,0.979,1.379
6.255631,-0.236,0.9,0.985,1.355
6.257795,-0.241,0.851,0.988,1.326
6.264453,-0.242,0.797,0.991,1.295
6.267666,-0.237,0.628,1.003,1.207
6.27008,-0.236,0.575,1.003,1.18
6.272572,-0.234,0.526,1.005,1.158
6.285758,-0.23,0.475,1.009,1.139
6.29032,-0.174,0.255,1.039,1.084
6.306766,-0.159,0.231,1.048,1.085
6.327908,-0.01,0.144,1.115,1.124
6.330646,0.257,0.198,1.218,1.261
6.333199,0.273,0.216,1.218,1.267
6.33573,0.286,0.239,1.22,1.276
6.338138,0.295,0.262,1.219,1.281
6.340841,0.301,0.279,1.22,1.287
6.349108,0.301,0.296,1.217,1.288
6.353595,0.278,0.311,1.219,1.289
6.356012,0.27,0.304,1.217,1.283
6.370193,0.258,0.289,1.216,1.277
6.373816,0.19,0.236,1.207,1.244
6.391164,0.179,0.237,1.206,1.242
6.412002,0.174,0.306,1.229,1.278
6.43267,0.245,0.481,1.199,1.315
6.453405,0.29,0.518,1.038,1.196
6.45669,0.311,0.597,0.819,1.06
6.474396,0.316,0.611,0.794,1.051
6.476893,0.35,0.784,0.604,1.049
6.479363,0.358,0.823,0.575,1.066
6.481876,0.363,0.866,0.549,1.087
6.48673,0.373,0.956,0.498,1.141
6.489528,0.376,1.004,0.469,1.171
6.496469,0.377,1.053,0.441,1.202
6.499771,0.37,1.208,0.357,1.313
6.50216,0.365,1.263,0.331,1.355
6.504837,0.357,1.319,0.301,1.4
6.507168,0.349,1.374,0.278,1.444
6.517817,0.338,1.428,0.248,1.488
6.522269,0.267,1.685,0.139,1.712
6.539051,0.25,1.732,0.12,1.754
6.560186,0.146,2.024,-0.015,2.029
6.580688,0.041,2.267,-0.145,2.272
6.60207,-0.071,2.425,-0.191,2.434
6.623181,-0.275,2.415,-0.166,2.436
6.644172,-0.536,2.237,-0.105,2.302
6.647914,-0.695,2.033,-0.014,2.149
6.650472,-0.707,2.008,-0.005,2.128
6.652887,-0.717,1.981,0.009,2.107
6.655711,-0.726,1.95,0.021,2.081
6.665306,-0.734,1.923,0.035,2.059
6.668086,-0.755,1.78,0.087,1.935
6.670558,-0.758,1.74,0.1,1.901
6.672966,-0.761,1.697,0.111,1.863
6.687024,-0.762,1.654,0.123,1.825
6.691068,-0.741,1.371,0.165,1.567
6.707977,-0.73,1.324,0.165,1.521
6.729178,-0.619,1.084,0.164,1.259
6.75007,-0.38,0.9,0.127,0.985
6.77118,-0.255,0.861,0.056,0.9
6.791732,-0.264,0.97,-0.046,1.006
6.794648,-0.356,1.095,-0.192,1.168
6.799213,-0.383,1.127,-0.236,1.214
6.801541,-0.396,1.145,-0.263,1.24
6.804127,-0.407,1.157,-0.296,1.262
6.811113,-0.419,1.169,-0.339,1.287
6.8245,-0.447,1.199,-0.424,1.348
6.82922,-0.521,1.355,-0.674,1.601
6.831604,-0.529,1.381,-0.712,1.641
6.834255,-0.536,1.41,-0.749,1.684
6.836738,-0.544,1.442,-0.789,1.731
6.839272,-0.548,1.477,-0.828,1.78
6.859303,-0.548,1.515,-0.862,1.828
6.880309,-0.544,1.907,-1.192,2.314
6.900846,-0.459,2.517,-1.419,2.925
6.904792,-0.199,3.432,-1.42,3.719
6.907454,-0.153,3.538,-1.41,3.812
6.922208,-0.101,3.638,-1.395,3.898
6.944702,0.321,4.171,-1.191,4.35
6.947616,1.124,4.545,-0.582,4.718
6.950133,1.2,4.512,-0.512,4.697
6.952598,1.26,4.444,-0.443,4.64
6.955166,1.305,4.342,-0.383,4.55
6.95808,1.332,4.192,-0.321,4.41
6.966486,1.303,3.909,-0.27,4.129
6.970682,0.154,1.667,-0.281,1.698
6.972938,-0.133,1.317,-0.302,1.358
6.987998,-0.394,1.055,-0.304,1.166
6.990477,-1.397,0.847,-0.062,1.635
7.009533,-1.491,0.935,-0.007,1.76
7.013044,-1.881,1.954,0.252,2.724
7.015634,-1.893,2.048,0.27,2.801
7.01808,-1.902,2.13,0.288,2.87
7.020605,-1.904,2.2,0.306,2.926
7.023127,-1.899,2.26,0.33,2.97
7.030973,-1.886,2.304,0.352,2.999
7.035759,-1.793,2.332,0.467,2.978
7.038451,-1.759,2.311,0.5,2.947
7.040693,-1.724,2.285,0.537,2.913
7.052836,-1.69,2.258,0.575,2.878
7.056123,-1.54,2.061,0.743,2.678
7.074186,-1.522,2.025,0.772,2.648
7.096286,-1.46,1.9,0.915,2.565
7.11763,-1.56,2.051,1.073,2.792
7.139095,-1.734,2.45,1.306,3.273
7.16015,-1.867,2.704,1.477,3.603
7.164121,-1.785,2.173,1.468,3.172
7.166856,-1.733,2.086,1.453,3.076
7.16976,-1.672,2.004,1.435,2.978
7.171836,-1.603,1.93,1.414,2.88
7.17514,-1.526,1.862,1.396,2.783
7.181676,-1.444,1.795,1.375,2.683
7.184462,-1.177,1.601,1.333,2.393
7.186797,-1.083,1.54,1.322,2.3
7.18941,-0.988,1.481,1.316,2.214
7.204305,-0.893,1.424,1.311,2.132
7.207503,-0.413,1.107,1.326,1.776
7.225946,-0.353,1.059,1.333,1.739
7.247091,0.001,0.89,1.329,1.599
7.26894,0.379,1.151,1.228,1.725
7.290355,0.833,1.899,0.935,2.275
7.311638,1.023,2.959,0.54,3.177
7.315331,0.243,3.944,0.4,3.972
7.318323,0.132,3.977,0.406,4
7.320256,0.028,3.995,0.407,4.016
7.322818,-0.07,3.996,0.408,4.018
7.33362,-0.155,3.975,0.411,3.999
7.338255,-0.403,3.63,0.4,3.674
7.3409,-0.417,3.517,0.394,3.563
7.355457,-0.424,3.391,0.386,3.439
7.376961,-0.305,2.469,0.346,2.511
7.397803,0.06,0.981,0.318,1.034
7.401295,0.42,-0.082,0.336,0.544
7.40342,0.449,-0.129,0.338,0.577
7.405915,0.471,-0.159,0.338,0.602
7.419603,0.49,-0.179,0.341,0.623
7.423578,0.543,-0.029,0.356,0.649
7.441329,0.543,0.033,0.354,0.649
7.462961,0.448,0.657,0.261,0.836
7.484444,0.226,1.376,0.132,1.4
7.488954,0.236,1.273,0.043,1.296
7.506669,0.237,1.208,0.043,1.232
7.528431,0.132,0.7,0.018,0.713
7.549375,-0.196,0.135,-0.133,0.272
7.55206,-0.111,-0.196,-0.33,0.399
7.555042,-0.064,-0.203,-0.352,0.411
7.557583,-0.011,-0.212,-0.375,0.431
7.571657,0.045,-0.215,-0.4,0.456
7.593017,0.366,-0.216,-0.497,0.654
7.597521,0.648,-0.072,-0.563,0.861
7.59991,0.655,-0.048,-0.564,0.866
7.602361,0.661,-0.019,-0.568,0.872
7.604852,0.659,0.01,-0.565,0.868
7.607456,0.653,0.043,-0.561,0.862
7.614697,0.648,0.08,-0.549,0.853
7.617608,0.614,0.209,-0.505,0.822
7.620326,0.602,0.261,-0.486,0.817
7.622814,0.589,0.317,-0.465,0.815
7.637311,0.581,0.374,-0.442,0.821
7.640461,0.551,0.813,-0.266,1.018
7.659121,0.545,0.893,-0.228,1.071
7.680416,0.491,1.318,-0.035,1.407
7.702546,0.409,1.445,0.042,1.502
7.723748,0.447,1.305,0.027,1.38
7.728281,0.351,0.858,0.109,0.933
7.731034,0.33,0.815,0.133,0.889
7.733694,0.305,0.774,0.156,0.846
7.736161,0.279,0.735,0.184,0.808
7.739035,0.256,0.696,0.206,0.77
7.74097,0.226,0.662,0.228,0.736
7.746859,0.2,0.626,0.252,0.703
7.751378,0.108,0.529,0.32,0.627
7.753975,0.078,0.497,0.342,0.608
7.756299,0.046,0.465,0.369,0.595
7.768465,0.011,0.434,0.394,0.586
7.771407,-0.15,0.283,0.529,0.618
7.774006,-0.179,0.255,0.555,0.636
7.790553,-0.206,0.223,0.578,0.653
7.813311,-0.343,0.042,0.742,0.819
7.819716,-0.332,-0.144,0.852,0.925
7.819958,-0.318,-0.171,0.855,0.928
7.825518,-0.29,-0.221,0.863,0.937
7.825936,-0.274,-0.251,0.863,0.939
7.835496,-0.256,-0.278,0.86,0.94
7.841188,-0.186,-0.406,0.84,0.951
7.84128,-0.168,-0.438,0.834,0.956
7.858336,-0.15,-0.474,0.828,0.966
7.862341,-0.017,-0.772,0.731,1.064
7.864352,-0.002,-0.807,0.718,1.08
7.866739,0.016,-0.831,0.704,1.089
7.869378,0.033,-0.848,0.689,1.093
7.87168,0.048,-0.866,0.675,1.099
7.874426,0.066,-0.875,0.662,1.1
7.880699,0.083,-0.882,0.656,1.102
7.880791,0.1,-0.885,0.642,1.098
7.881986,0.118,-0.882,0.632,1.091
7.884531,0.13,-0.872,0.619,1.077
7.886868,0.141,-0.855,0.603,1.055
7.889481,0.153,-0.833,0.591,1.032
7.903068,0.164,-0.804,0.576,1.003
7.907108,0.206,-0.514,0.489,0.739
7.926069,0.212,-0.449,0.471,0.684
7.929914,0.283,0.262,0.271,0.472
7.932272,0.293,0.365,0.244,0.528
7.934967,0.3,0.471,0.213,0.597
7.937592,0.306,0.578,0.186,0.68
7.940163,0.314,0.687,0.154,0.771
7.959868,0.32,0.8,0.121,0.87
7.962527,0.347,1.656,-0.145,1.698
7.96505,0.348,1.74,-0.174,1.783
7.967398,0.349,1.822,-0.202,1.866
7.969911,0.347,1.899,-0.226,1.943
7.983239,0.345,2.036,-0.269,2.083
7.987494,0.356,2.303,-0.342,2.356
7.990119,0.364,2.349,-0.353,2.403
8.005188,0.372,2.392,-0.359,2.447
8.007853,0.48,2.624,-0.4,2.697
8.027169,0.502,2.658,-0.402,2.735
8.030496,0.717,2.843,-0.353,2.954
8.032962,0.746,2.858,-0.339,2.974
8.035622,0.77,2.871,-0.322,2.99
8.038053,0.795,2.879,-0.304,3.002
8.040619,0.819,2.885,-0.287,3.013
8.049275,0.839,2.891,-0.267,3.022
8.053113,0.914,2.878,-0.186,3.025
8.055563,0.931,2.867,-0.165,3.019
8.071611,0.945,2.854,-0.145,3.01
8.093937,1.037,2.732,-0.032,2.922
8.115796,1.186,2.586,0.129,2.848
8.118778,1.278,2.219,0.346,2.584
8.12193,1.273,2.154,0.366,2.529
8.123895,1.264,2.084,0.388,2.468
8.142662,1.251,2.009,0.409,2.402
8.146329,1.091,1.331,0.49,1.789
8.148838,1.066,1.247,0.489,1.711
8.151267,1.04,1.167,0.488,1.637
8.153824,1.012,1.088,0.487,1.564
8.156487,0.978,1.009,0.485,1.487
8.16508,0.945,0.93,0.484,1.412
8.169278,0.772,0.622,0.468,1.096
8.17167,0.72,0.548,0.464,1.017
8.174267,0.665,0.479,0.454,0.937
8.18742,0.611,0.415,0.45,0.865
8.209553,0.292,0.158,0.463,0.57
8.231054,-0.104,0.02,0.425,0.438
8.25319,-0.414,-0.001,0.395,0.572
8.275137,-0.766,-0.232,0.461,0.923
8.27846,-0.84,-0.51,0.473,1.09
8.280284,-0.815,-0.52,0.453,1.067
8.283251,-0.778,-0.529,0.43,1.035
8.287189,-0.695,-0.554,0.369,0.962
8.289933,-0.645,-0.57,0.332,0.922
8.298049,-0.595,-0.584,0.289,0.882
8.30281,-0.421,-0.641,0.095,0.773
8.305439,-0.392,-0.658,0.044,0.767
8.307734,-0.363,-0.675,-0.006,0.766
8.320352,-0.342,-0.693,-0.05,0.774
8.322963,-0.296,-0.741,-0.258,0.839
8.342571,-0.3,-0.726,-0.296,0.84
8.364684,-0.379,-0.423,-0.572,0.806
8.386962,-0.54,0.246,-0.912,1.088
8.408766,-0.764,1.413,-1.196,2.003
8.411558,-1.237,2.448,-1.538,3.145
8.41703,-1.367,2.612,-1.623,3.366
8.419025,-1.435,2.685,-1.663,3.469
8.431549,-1.505,2.751,-1.705,3.569
8.436123,-1.913,3.052,-1.928,4.086
8.438732,-1.978,3.082,-1.962,4.155
8.441408,-2.043,3.106,-1.991,4.217
8.454678,-2.104,3.117,-2.018,4.268
8.47759,-2.404,3.018,-2.11,4.398
8.500178,-2.439,2.414,-2.035,3.99
8.522404,-1.906,1.25,-1.647,2.813
8.544977,-1.522,0.299,-1.119,1.912
8.566847,-1.363,-0.151,-0.849,1.613
8.569952,-1.016,-0.304,-0.731,1.288
8.572137,-0.969,-0.301,-0.73,1.25
8.57501,-0.923,-0.3,-0.733,1.217
8.589569,-0.875,-0.305,-0.735,1.183
8.612159,-0.594,-0.362,-0.771,1.038
8.634407,-0.226,-0.201,-0.798,0.853
8.656837,-0.098,0.353,-0.866,0.941
8.678791,-0.199,0.842,-0.945,1.281
8.682758,-0.19,0.535,-0.939,1.097
8.685217,-0.182,0.456,-0.921,1.044
8.687672,-0.173,0.371,-0.902,0.99
8.690185,-0.163,0.286,-0.878,0.938
8.701151,-0.153,0.206,-0.852,0.889
8.705346,-0.098,-0.203,-0.681,0.717
8.707956,-0.089,-0.281,-0.637,0.702
8.724064,-0.078,-0.358,-0.595,0.698
8.74647,0.024,-0.725,-0.328,0.796
8.768788,0.249,-0.872,0.072,0.91
8.791274,0.475,-0.646,0.468,0.929
8.812979,0.699,-0.077,0.787,1.055
8.816218,0.962,1.053,0.981,1.731
8.818763,0.983,1.239,0.992,1.867
8.824092,0.996,1.432,1.005,2.013
8.82437,1.003,1.626,1.014,2.163
8.841199,1.006,1.822,1.02,2.318
8.843925,0.692,2.715,0.865,2.932
8.846432,0.601,2.716,0.808,2.896
8.848703,0.512,2.663,0.745,2.813
8.851274,0.424,2.564,0.675,2.686
8.853781,0.348,2.415,0.602,2.513
8.856606,0.281,2.213,0.521,2.291
8.878204,0.225,1.971,0.439,2.032
8.894366,0.129,-0.753,-0.301,0.821
8.917682,0.253,-1.641,-0.589,1.762
8.922119,0.132,-1.355,-0.445,1.432
8.924551,0.119,-1.365,-0.435,1.438
8.940184,0.11,-1.384,-0.432,1.454
8.96254,0.07,-1.457,-0.434,1.522
8.967197,0.258,-1.447,-0.406,1.525
8.969722,0.295,-1.468,-0.404,1.551
8.972283,0.333,-1.479,-0.399,1.568
8.97499,0.372,-1.474,-0.397,1.571
8.985217,0.41,-1.442,-0.391,1.55
8.990119,0.436,-0.9,-0.358,1.062
9.008092,0.367,-0.675,-0.357,0.847
9.031157,-0.368,1.372,-0.403,1.477
9.053599,0.597,2.158,-0.334,2.263
9.07632,0.878,0.688,0.032,1.116
9.098329,0.074,-0.873,0.317,0.932
9.101328,-0.39,-1.608,0.392,1.7
9.106229,-0.378,-1.616,0.37,1.7
9.108591,-0.36,-1.6,0.358,1.678
9.121542,-0.332,-1.573,0.343,1.644
9.144021,-0.128,-1.331,0.327,1.377
9.166262,0.091,-0.928,0.786,1.219
9.188503,0.304,-0.631,1.189,1.38
9.191441,0.536,-0.593,1.276,1.506
9.211089,0.562,-0.604,1.271,1.515
9.234194,0.692,-0.653,1.201,1.532
9.256872,0.807,-0.522,1.149,1.498
9.279514,1.018,-0.122,1.283,1.642
9.302112,1.109,0.242,1.399,1.802
9.324613,1.045,0.296,1.478,1.835
9.346713,1.006,0.271,1.562,1.878
9.350125,1.033,0.163,1.621,1.929
9.35241,1.038,0.152,1.625,1.934
9.355159,1.043,0.137,1.629,1.939
9.358116,1.05,0.124,1.629,1.941
9.369541,1.054,0.113,1.626,1.941
9.372635,1.082,0.103,1.578,1.916
9.393116,1.086,0.11,1.559,1.903
9.415145,1.04,0.137,1.456,1.794
9.438282,0.894,0.194,1.356,1.636
9.461893,0.694,0.142,1.091,1.3
9.489497,0.631,0.083,0.577,0.859
9.494351,0.515,0.245,0.038,0.572
9.496673,0.494,0.268,0.005,0.562
9.498702,0.472,0.287,-0.024,0.553
9.501354,0.449,0.303,-0.054,0.544
9.503562,0.424,0.318,-0.079,0.536
9.506312,0.397,0.331,-0.099,0.526
9.514465,0.369,0.339,-0.12,0.515
9.519129,0.25,0.363,-0.177,0.475
9.521618,0.219,0.365,-0.184,0.463
9.52405,0.19,0.371,-0.191,0.459
9.538171,0.162,0.379,-0.196,0.457
9.541856,0.051,0.442,-0.215,0.495
9.560849,0.039,0.45,-0.22,0.502
9.583384,-0.091,0.357,-0.267,0.455
9.606646,-0.345,-0.108,-0.219,0.422
9.629511,-0.35,-0.372,-0.188,0.545
9.651847,-0.111,-0.364,-0.193,0.427
9.654936,-0.178,-0.488,-0.104,0.529
9.657643,-0.192,-0.499,-0.104,0.545
9.674617,-0.202,-0.507,-0.105,0.555
9.677992,-0.152,-0.329,-0.161,0.396
9.680001,-0.125,-0.278,-0.169,0.348
9.682596,-0.099,-0.223,-0.173,0.299
9.685023,-0.068,-0.177,-0.178,0.26
9.687416,-0.041,-0.134,-0.189,0.235
9.690216,-0.012,-0.102,-0.206,0.23
9.697912,0.013,-0.073,-0.225,0.237
9.700451,0.086,-0.053,-0.33,0.345
9.70316,0.105,-0.069,-0.375,0.396
9.705427,0.129,-0.09,-0.422,0.451
9.707857,0.153,-0.117,-0.473,0.511
9.721206,0.177,-0.146,-0.519,0.567
9.743876,0.345,-0.283,-0.749,0.872
9.766503,0.489,-0.287,-1.056,1.199
9.789653,0.343,0.347,-1.323,1.41
9.812265,-0.886,2.489,-1.629,3.104
9.816063,-3.88,2.261,-2.361,5.074
9.818452,-4.029,2.022,-2.42,5.116
9.820906,-4.14,1.774,-2.461,5.133
9.823382,-4.223,1.525,-2.489,5.134
9.827306,-4.276,1.274,-2.494,5.111
9.846555,-4.299,1.022,-2.493,5.074
9.851213,-3.56,-0.395,-2.194,4.2
9.853661,-3.414,-0.494,-2.138,4.058
9.856135,-3.269,-0.594,-2.084,3.922
9.876894,-3.13,-0.696,-2.017,3.788
9.879514,-2.28,-1.412,-1.49,3.068
9.882166,-2.221,-1.458,-1.441,3.022
9.886381,-2.124,-1.551,-1.352,2.957
9.889063,-2.089,-1.6,-1.308,2.938
9.891771,-2.057,-1.647,-1.269,2.924
9.896868,-2.024,-1.684,-1.231,2.906
9.901452,-1.918,-1.746,-1.121,2.826
9.904083,-1.875,-1.756,-1.09,2.79
9.90665,-1.83,-1.763,-1.059,2.753
9.920331,-1.782,-1.764,-1.033,2.712
9.924259,-1.417,-1.74,-0.896,2.417
9.943491,-1.354,-1.721,-0.866,2.355
9.946926,-0.865,-1.61,-0.694,1.955
9.949733,-0.812,-1.573,-0.677,1.895
9.952083,-0.766,-1.529,-0.66,1.833
9.954809,-0.719,-1.483,-0.644,1.769
9.958221,-0.673,-1.444,-0.633,1.714
9.968219,-0.627,-1.411,-0.627,1.667
9.972117,-0.402,-1.282,-0.619,1.48
9.975137,-0.357,-1.26,-0.619,1.448
9.99171,-0.314,-1.227,-0.619,1.41
10.015049,-0.009,-0.846,-0.625,1.051
10.017737,0.616,0.3,-0.734,1.004
10.022389,0.716,0.498,-0.768,1.162
10.024881,0.763,0.591,-0.783,1.243
10.037866,0.806,0.683,-0.803,1.327
10.060793,0.931,1.329,-0.865,1.839
10.065294,0.694,1.943,-0.824,2.222
10.067727,0.654,1.931,-0.806,2.192
10.070177,0.614,1.899,-0.781,2.143
10.072669,0.58,1.85,-0.753,2.08
10.083951,0.548,1.781,-0.723,1.999
10.087753,0.46,1.224,-0.528,1.41
10.090335,0.452,1.088,-0.484,1.274
10.107525,0.452,0.948,-0.434,1.137
10.1306,0.495,0.11,0.003,0.507
10.153764,0.634,-0.249,0.671,0.956
10.177207,0.96,-0.027,1.134,1.486
10.199734,1.172,1.314,1.192,2.126
10.203702,0.284,2.098,0.689,2.226
10.206737,0.252,1.925,0.629,2.041
10.223021,0.245,1.696,0.574,1.807
10.246495,0.449,-0.461,0.162,0.663
10.249595,0.416,-1.598,-0.287,1.676
10.251534,0.371,-1.552,-0.293,1.622
10.254582,0.315,-1.49,-0.293,1.551
10.256825,0.258,-1.411,-0.289,1.463
10.268971,0.204,-1.322,-0.282,1.367
10.271631,-0.027,-0.846,-0.278,0.891
10.274367,-0.048,-0.742,-0.291,0.799
10.293017,-0.059,-0.628,-0.304,0.7
10.316061,0.13,0.321,-0.365,0.503
10.339417,0.583,1.154,-0.278,1.323
10.362065,0.151,-0.531,-0.568,0.792
10.365497,-0.403,-0.92,-0.402,1.082
10.367723,-0.42,-0.907,-0.409,1.081
10.370358,-0.423,-0.892,-0.422,1.074
10.372691,-0.407,-0.87,-0.441,1.057
10.375696,-0.369,-0.84,-0.463,1.028
10.392097,-0.303,-0.797,-0.487,0.982
10.415351,0.605,-0.286,-0.648,0.932
10.438814,0.67,-0.342,-0.443,0.873
10.462305,-0.385,-0.91,-0.066,0.991
10.486157,-1.116,-1.069,0.044,1.546
10.509284,-0.706,-0.375,0.382,0.886
10.531509,-0.154,0.151,0.93,0.954
10.55464,0.178,-0.101,1.022,1.043
10.578297,0.562,-0.786,1.152,1.504
10.603045,0.85,-1.175,1.156,1.855
10.625613,0.938,-1.257,1.189,1.968
10.648597,1.12,-0.997,1.437,2.077
10.671407,1.56,-0.111,1.629,2.258
10.694622,1.589,0.371,1.648,2.319
10.717521,1.331,0.353,1.669,2.164
10.720495,1.305,0.813,1.69,2.285
10.722889,1.306,0.881,1.692,2.312
10.725375,1.302,0.943,1.694,2.336
10.741323,1.294,0.996,1.692,2.352
10.764268,1.163,1.139,1.643,2.313
10.767812,1.027,0.977,1.432,2.015
10.770279,1.037,0.962,1.397,1.988
10.772855,1.05,0.95,1.357,1.961
10.77546,1.069,0.941,1.315,1.939
10.787276,1.087,0.929,1.267,1.911
10.790833,1.19,0.841,0.94,1.734
10.811021,1.205,0.81,0.864,1.689
10.834468,1.25,0.56,0.348,1.413
10.857746,1.098,0.417,0,1.174
10.864017,0.695,0.337,-0.212,0.801
10.864324,0.658,0.363,-0.233,0.786
10.881459,0.595,0.437,-0.271,0.786
10.886512,0.259,0.581,-0.368,0.735
10.888756,0.201,0.562,-0.371,0.702
10.89129,0.141,0.534,-0.372,0.666
10.905072,0.082,0.501,-0.376,0.632
10.929276,-0.232,0.218,-0.435,0.539
10.952833,-0.404,-0.014,-0.471,0.621
10.976843,-0.296,0.105,-0.365,0.481
10.979465,-0.383,-0.1,-0.145,0.422
10.981917,-0.412,-0.149,-0.133,0.458
10.984398,-0.441,-0.197,-0.125,0.499
10.986959,-0.467,-0.248,-0.119,0.542
10.989409,-0.488,-0.295,-0.115,0.581
10.992011,-0.505,-0.342,-0.114,0.62
11.000295,-0.517,-0.384,-0.117,0.655
11.004471,-0.54,-0.531,-0.115,0.766
11.006962,-0.541,-0.563,-0.114,0.789
11.023833,-0.54,-0.596,-0.114,0.812
11.046863,-0.54,-0.888,-0.184,1.055
11.049895,-0.547,-1.186,-0.409,1.369
11.052284,-0.54,-1.198,-0.45,1.389
11.054938,-0.534,-1.198,-0.504,1.405
11.057489,-0.53,-1.193,-0.56,1.42
11.069572,-0.524,-1.176,-0.619,1.428
11.072535,-0.503,-0.953,-0.941,1.431
11.093359,-0.505,-0.879,-1.004,1.426
11.116415,-0.637,0.04,-1.463,1.596
11.13958,-1.278,1.185,-1.889,2.57
11.162864,-2.517,1.932,-2.061,3.783
11.1854,-3.28,1.77,-2.001,4.23
11.188487,-2.613,1.496,-1.761,3.488
11.191236,-2.489,1.464,-1.704,3.353
11.209204,-2.367,1.42,-1.642,3.212
11.232385,-1.732,0.979,-1.193,2.32
11.255674,-1.511,0.385,-0.957,1.83
11.278541,-1.351,-0.009,-0.824,1.583
11.281713,-1.058,-0.543,-0.66,1.36
11.284196,-1.007,-0.623,-0.643,1.348
11.286572,-0.948,-0.699,-0.627,1.334
11.289245,-0.885,-0.773,-0.61,1.324
11.291582,-0.816,-0.841,-0.592,1.313
11.301902,-0.744,-0.904,-0.579,1.306
11.304458,-0.443,-1.015,-0.496,1.213
11.325664,-0.284,-0.996,-0.457,1.132
11.347871,0.311,-0.816,-0.39,0.956
11.352128,0.944,0.104,-0.438,1.046
11.355099,0.967,0.271,-0.441,1.097
11.357591,0.974,0.449,-0.448,1.162
11.370964,0.969,0.632,-0.454,1.243
11.374837,0.707,1.629,-0.514,1.849
11.394442,0.64,1.746,-0.529,1.933
11.417565,0.16,1.911,-0.624,2.017
11.440567,-0.14,0.578,-0.572,0.825
11.463482,0.064,-0.42,-0.095,0.436
11.486219,0.427,-0.77,0.491,1.008
11.490697,0.935,-0.285,1.021,1.413
11.509265,0.977,-0.171,1.052,1.446
11.532707,1.169,1.172,1.212,2.052
11.555702,0.782,3.147,1.167,3.446
11.578847,0.342,1.631,0.656,1.791
11.601648,0.245,-1.896,-0.141,1.917
11.624777,0.011,-2.174,-0.297,2.194
11.647277,-0.068,-1.72,-0.334,1.754
11.65202,0.063,-0.838,-0.304,0.894
11.654824,0.089,-0.652,-0.302,0.724
11.657044,0.113,-0.453,-0.301,0.556
11.678604,0.14,-0.251,-0.304,0.418
11.681964,0.404,0.991,-0.628,1.241
11.684497,0.401,1.062,-0.681,1.324
11.686973,0.383,1.126,-0.729,1.395
11.689443,0.356,1.188,-0.763,1.456
11.692064,0.323,1.238,-0.774,1.495
11.704597,0.291,1.281,-0.771,1.523
11.707674,0.193,1.102,-0.615,1.277
11.727672,0.178,0.998,-0.583,1.17
11.750371,0.128,0.012,-0.506,0.522
11.77376,0.39,-0.566,-0.386,0.789
11.797245,-0.095,-0.976,-0.028,0.981
11.820177,-0.818,-1.16,0.175,1.43
11.822886,-0.811,-0.59,0.282,1.042
11.826337,-0.769,-0.491,0.322,0.967
11.843592,-0.724,-0.397,0.375,0.907
11.86735,-0.448,0.043,0.882,0.99
11.890545,-0.071,-0.064,1.226,1.23
11.895263,0.439,-0.555,1.324,1.501
11.895477,0.492,-0.609,1.32,1.535
11.913572,0.591,-0.706,1.308,1.599
11.937215,0.843,-0.92,1.243,1.761
11.960037,0.981,-0.894,1.246,1.821
11.96397,1.2,-0.59,1.395,1.932
11.967052,1.231,-0.529,1.405,1.941
11.969863,1.264,-0.468,1.416,1.955
11.971899,1.297,-0.408,1.427,1.971
11.974565,1.333,-0.346,1.436,1.989
11.984005,1.367,-0.287,1.443,2.008
11.987232,1.473,-0.09,1.463,2.078
11.989654,1.492,-0.049,1.469,2.094
11.99217,1.506,-0.011,1.47,2.104
12.007969,1.517,0.027,1.474,2.116
12.031463,1.523,0.217,1.477,2.132
12.034852,1.418,0.534,1.505,2.136
12.037209,1.405,0.567,1.505,2.136
12.039684,1.391,0.598,1.506,2.135
12.042121,1.376,0.629,1.506,2.134
12.054648,1.362,0.66,1.504,2.133
12.057517,1.28,0.809,1.474,2.113
12.077502,1.263,0.838,1.469,2.11
12.082481,1.081,1.052,1.478,2.112
12.084856,1.065,1.068,1.481,2.114
12.087388,1.05,1.082,1.483,2.114
12.089953,1.034,1.092,1.48,2.11
12.092554,1.019,1.098,1.476,2.103
12.100224,1.008,1.098,1.469,2.092
12.104817,0.979,1.066,1.407,2.018
12.107388,0.972,1.041,1.379,1.982
12.123694,0.971,1.012,1.346,1.944
12.146986,0.961,0.792,1.059,1.634
12.150431,0.93,0.271,0.348,1.03
12.152884,0.921,0.229,0.289,0.992
12.155411,0.91,0.194,0.236,0.96
12.158043,0.903,0.168,0.184,0.936
12.170252,0.892,0.151,0.14,0.915
12.172943,0.833,0.151,-0.087,0.851
12.193774,0.82,0.166,-0.129,0.846
12.216138,0.648,0.352,-0.412,0.845
12.238992,0.32,0.457,-0.519,0.762
12.261656,-0.146,0.333,-0.345,0.501
12.28379,-0.45,0.142,-0.286,0.552
12.286451,-0.542,0.004,-0.354,0.647
12.288834,-0.535,-0.002,-0.359,0.645
12.291396,-0.523,-0.004,-0.361,0.636
12.306962,-0.51,-0.009,-0.363,0.626
12.329508,-0.398,-0.039,-0.318,0.511
12.332478,-0.255,-0.091,-0.032,0.273
12.334608,-0.251,-0.102,0.012,0.271
12.337039,-0.251,-0.117,0.057,0.283
12.341717,-0.256,-0.168,0.13,0.333
