acc_x,acc_y,acc_z,gyro_x,gyro_y,gyro_z,label
0.2235,0.0455,-0.3706,-0.216,-0.35,0.261,person2
0.3604,-0.0436,-0.3054,-0.161,-0.448,0.17,person2
0.3369,0.0209,-0.3026,-0.099,-0.447,0.202,person2
0.317,0.0316,-0.301,-0.047,-0.455,0.233,person2
0.2582,0.0,-0.3096,-0.034,-0.458,0.238,person2
0.1588,0.0614,-0.3651,-0.021,-0.461,0.239,person2
-0.0379,0.1601,-0.4994,-0.004,-0.463,0.234,person2
0.044,0.0374,-0.4891,0.009,-0.465,0.231,person2
0.1225,-0.018,-0.4189,0.022,-0.471,0.223,person2
-0.0267,0.119,-0.4888,0.039,-0.478,0.215,person2
-0.0853,0.0729,-0.4112,0.057,-0.483,0.202,person2
-0.0435,0.0094,-0.4517,0.073,-0.485,0.189,person2
-0.0485,0.1448,-0.2662,0.195,-0.489,-0.008,person2
-0.1038,0.0253,-0.3686,0.204,-0.505,-0.038,person2
-0.0374,-0.1115,-0.219,0.208,-0.523,-0.067,person2
-0.226,-0.0121,-0.3686,0.212,-0.536,-0.096,person2
-0.1068,-0.0007,-0.2429,0.212,-0.547,-0.127,person2
-0.1222,0.042,-0.2393,0.212,-0.558,-0.158,person2
-0.0151,0.0007,-0.103,0.225,-0.656,-0.258,person2
-0.0979,0.0361,-0.1198,0.231,-0.697,-0.278,person2
0.0544,-0.0605,-0.0272,0.239,-0.746,-0.299,person2
-0.0115,-0.0201,-0.0883,0.248,-0.802,-0.319,person2
0.0888,-0.0697,-0.0791,0.286,-1.04,-0.407,person2
-0.0353,0.0139,-0.2296,0.291,-1.102,-0.428,person2
0.0793,-0.0697,-0.202,0.291,-1.18,-0.452,person2
-0.091,0.1232,-0.2874,0.259,-1.536,-0.529,person2
-0.0229,0.0044,-0.1594,0.246,-1.631,-0.542,person2
-0.1336,-0.1008,-0.2281,0.234,-1.734,-0.551,person2
-0.1424,-0.0838,-0.1516,0.227,-1.84,-0.554,person2
0.0352,-0.2574,-0.0992,0.223,-1.956,-0.555,person2
0.2298,0.1001,-0.1757,0.223,-2.08,-0.549,person2
-0.1553,0.7167,0.1114,0.226,-2.203,-0.536,person2
-0.603,0.3461,-0.1296,0.226,-2.318,-0.521,person2
-0.3733,0.1451,-0.0768,0.217,-2.419,-0.499,person2
-0.1521,0.1457,0.0531,0.213,-2.511,-0.473,person2
-0.0568,0.1844,0.2416,0.245,-2.84,-0.407,person2
-0.096,0.3601,0.4156,0.263,-2.958,-0.388,person2
-0.3462,0.8301,0.5723,0.282,-3.084,-0.376,person2
-0.4257,1.0096,0.6491,0.298,-3.213,-0.374,person2
-0.4399,1.3281,0.8412,0.313,-3.349,-0.375,person2
-0.8807,1.7351,0.9102,0.344,-3.79,-0.408,person2
-0.64,1.4434,0.8662,0.347,-3.933,-0.419,person2
-0.5723,2.1242,0.9848,0.339,-4.071,-0.431,person2
-0.6464,2.1664,0.8886,0.32,-4.21,-0.447,person2
-0.7347,2.1815,0.8576,0.177,-4.661,-0.527,person2
-0.7993,2.3419,0.7749,0.131,-4.725,-0.542,person2
-0.7545,1.6603,0.7994,0.075,-4.753,-0.549,person2
-0.8614,2.2221,0.75,0.01,-4.76,-0.546,person2
-0.7764,1.8302,0.6724,-0.232,-4.653,-0.527,person2
-0.6644,1.4446,0.7442,-0.313,-4.575,-0.519,person2
-0.6576,1.7987,0.7174,-0.388,-4.5,-0.518,person2
-0.6001,1.508,0.7193,-0.461,-4.408,-0.518,person2
-0.494,1.88,0.6068,-0.528,-4.306,-0.528,person2
-0.2985,1.8692,0.6848,-0.59,-4.199,-0.55,person2
-0.1828,1.7263,0.6746,-0.638,-4.073,-0.573,person2
0.0269,1.1645,0.6602,-0.676,-3.929,-0.589,person2
-0.0008,1.3849,0.4558,-0.701,-3.761,-0.606,person2
-0.157,1.4164,-0.0785,-0.718,-3.584,-0.615,person2
-0.529,1.0405,-0.7558,-0.717,-3.42,-0.62,person2
-1.2198,2.4823,-1.7838,-0.669,-2.728,-0.582,person2
-1.5313,2.9644,-1.8355,-0.667,-2.56,-0.573,person2
-1.6552,3.5277,-1.3637,-0.668,-2.407,-0.569,person2
-2.1075,4.179,-0.8655,-0.686,-2.269,-0.578,person2
-1.8452,4.5526,-0.7019,-0.783,-1.952,-0.592,person2
-1.7533,4.7956,-0.5545,-0.826,-1.893,-0.603,person2
-0.4847,3.4927,-0.2924,-0.876,-1.854,-0.612,person2
0.0821,1.2135,0.075,-0.928,-1.824,-0.615,person2
0.8459,-1.6764,0.5429,-0.98,-1.81,-0.616,person2
1.374,-4.8481,1.0225,-1.108,-1.804,-0.593,person2
1.9303,-7.7543,1.2938,-1.136,-1.817,-0.589,person2
2.1812,-10.2254,1.3496,-1.164,-1.851,-0.592,person2
2.2241,-12.2682,1.4628,-1.189,-1.885,-0.589,person2
1.8865,-12.767,1.2196,-1.209,-2.037,-0.6,person2
1.0195,-9.8487,0.9646,-1.205,-2.082,-0.603,person2
0.969,-5.7395,0.4481,-1.186,-2.121,-0.603,person2
1.1303,-2.6283,-0.0224,-1.163,-2.172,-0.602,person2
1.1143,-0.3816,-0.3204,-1.139,-2.23,-0.6,person2
1.019,1.0535,-0.4137,-1.107,-2.305,-0.601,person2
0.921,2.1195,-0.3063,-1.072,-2.374,-0.611,person2
0.8892,2.8866,-0.1881,-1.026,-2.423,-0.618,person2
0.8164,3.0906,-0.0949,-0.97,-2.471,-0.634,person2
0.5799,2.1396,0.0314,-0.916,-2.525,-0.656,person2
0.3635,0.845,0.027,-0.856,-2.579,-0.677,person2
0.235,-0.0825,-0.0115,-0.561,-2.617,-0.784,person2
0.0537,-0.5976,-0.1992,-0.493,-2.621,-0.808,person2
-0.0316,-0.8694,-0.3854,-0.429,-2.612,-0.83,person2
-0.0832,-0.8013,-0.587,-0.366,-2.578,-0.847,person2
-0.0206,-0.4673,-0.7063,-0.203,-2.365,-0.911,person2
0.0845,-0.1377,-0.7071,-0.163,-2.279,-0.93,person2
0.2356,0.1205,-0.7509,-0.121,-2.182,-0.941,person2
0.4085,0.2218,-0.7493,-0.087,-2.075,-0.953,person2
0.5923,0.2708,-0.6479,-0.054,-1.953,-0.963,person2
0.6989,0.2875,-0.514,0.063,-1.467,-0.95,person2
0.8223,0.1535,-0.334,0.093,-1.354,-0.939,person2
0.8758,-0.0275,-0.2411,0.122,-1.239,-0.927,person2
0.9547,-0.2182,-0.0102,0.377,-0.647,-0.87,person2
1.0442,-0.4109,0.0024,0.429,-0.52,-0.869,person2
1.1008,-0.6216,-0.1016,0.479,-0.404,-0.869,person2
1.2629,-0.6879,-0.1413,0.625,-0.086,-0.875,person2
1.475,-0.7892,-0.2089,0.669,-0.015,-0.879,person2
1.7972,-0.9569,-0.276,0.711,0.044,-0.888,person2
2.0909,-1.1707,-0.3683,0.759,0.106,-0.891,person2
2.3674,-1.3685,-0.4517,0.801,0.149,-0.897,person2
2.5441,-1.4941,-0.5189,0.845,0.171,-0.907,person2
2.7623,-1.5055,-0.5662,0.885,0.177,-0.918,person2
2.9486,-1.3572,-0.6298,0.927,0.172,-0.922,person2
3.0412,-0.9463,-0.6758,0.962,0.148,-0.93,person2
3.1819,-0.4168,-0.6871,1.006,0.131,-0.939,person2
3.2044,0.1167,-0.7494,1.06,0.12,-0.943,person2
3.2033,0.5111,-0.9258,1.198,0.019,-0.993,person2
3.1208,0.7314,-1.314,1.244,-0.021,-1.018,person2
3.1786,0.7538,-1.9673,1.282,-0.059,-1.035,person2
3.0299,0.1915,-3.6766,1.315,-0.102,-1.058,person2
2.5294,-0.1267,-5.389,1.348,-0.14,-1.082,person2
1.604,-0.2905,-6.7995,1.435,-0.227,-1.196,person2
0.8545,-0.3347,-5.4404,1.454,-0.233,-1.244,person2
0.4701,-0.5247,-2.9812,1.479,-0.237,-1.289,person2
-0.1495,-0.945,-1.2102,1.497,-0.371,-1.453,person2
-0.7168,-1.482,0.0955,1.468,-0.469,-1.495,person2
-1.059,-2.2092,0.7338,1.424,-0.565,-1.522,person2
-1.6632,-3.0453,1.8163,1.38,-0.648,-1.541,person2
-2.1521,-3.5699,2.5752,0.92,-1.196,-1.324,person2
-2.6155,-4.1435,2.9347,0.884,-1.222,-1.254,person2
-3.0909,-4.7569,3.2027,0.851,-1.233,-1.187,person2
-3.5603,-5.0035,3.7053,0.829,-1.205,-1.108,person2
-3.951,-4.6923,4.3212,0.813,-1.163,-1.037,person2
-4.1892,-3.8388,4.6867,0.803,-1.12,-0.969,person2
-3.8482,-2.6942,4.5945,0.809,-1.021,-0.709,person2
-3.6047,-1.6834,4.3892,0.827,-1.007,-0.64,person2
-3.3094,-0.6927,4.8694,0.844,-0.969,-0.559,person2
-3.602,0.2111,5.6736,0.867,-0.9,-0.478,person2
-3.2547,1.0474,5.7319,1.057,-0.535,0.022,person2
-2.8548,1.6492,4.6958,1.257,-0.545,0.687,person2
-2.6384,2.1303,3.3099,1.276,-0.559,0.758,person2
-2.1238,2.2177,2.2291,1.31,-0.611,0.881,person2
-1.5784,2.0406,1.4678,1.328,-0.643,0.938,person2
-0.7663,1.4763,-0.0004,1.341,-0.681,0.987,person2
0.097,0.7646,-1.7075,1.354,-0.729,1.02,person2
0.5023,0.4901,-2.2635,1.379,-0.911,1.058,person2
0.4816,0.4424,-1.9142,1.39,-0.979,1.055,person2
0.2098,0.43,-0.4803,1.402,-1.041,1.052,person2
0.1959,0.2753,0.6049,1.415,-1.094,1.041,person2
0.1423,0.0566,1.1215,1.462,-1.212,0.985,person2
0.0585,-0.1149,1.1202,1.481,-1.236,0.961,person2
-0.5808,0.0732,0.7923,1.501,-1.257,0.934,person2
-1.5862,0.4815,0.5272,1.522,-1.268,0.901,person2
-1.9776,0.8123,0.7146,1.545,-1.269,0.875,person2
-1.9717,1.137,1.0661,1.565,-1.268,0.85,person2
-1.9999,1.351,1.3429,1.578,-1.27,0.822,person2
-2.0163,1.5148,1.4841,1.589,-1.264,0.794,person2
-1.9683,1.6204,1.5507,1.596,-1.235,0.768,person2
-1.8246,1.6823,1.5804,1.601,-1.203,0.738,person2
-1.519,1.6845,1.6949,1.6,-1.172,0.72,person2
-1.1215,1.709,1.7682,1.599,-1.144,0.709,person2
-0.7233,1.7557,1.6534,1.594,-1.122,0.707,person2
-0.2559,1.6865,1.2346,1.585,-1.108,0.715,person2
0.3483,1.5433,0.7271,1.574,-1.1,0.737,person2
0.8752,1.3085,0.1955,1.561,-1.089,0.777,person2
1.3367,0.9799,-0.2589,1.535,-1.079,0.817,person2
1.7381,0.5046,-0.5857,1.511,-1.064,0.856,person2
2.0679,-0.0308,-0.8864,1.387,-0.983,0.998,person2
2.2242,-0.6136,-1.0595,1.354,-0.937,1.021,person2
2.3694,-1.0772,-1.1676,1.322,-0.886,1.037,person2
2.4812,-1.4065,-1.3318,1.294,-0.826,1.051,person2
2.4695,-1.4356,-1.6135,1.267,-0.76,1.062,person2
2.266,-1.1251,-1.9686,1.245,-0.693,1.067,person2
2.0819,-0.6509,-2.0745,1.226,-0.626,1.064,person2
1.7719,-0.1322,-1.882,1.212,-0.561,1.061,person2
1.4345,0.3781,-1.503,1.202,-0.492,1.058,person2
1.1464,0.7413,-0.9949,1.194,-0.427,1.045,person2
0.8446,0.5392,-0.5574,1.192,-0.363,1.032,person2
0.4899,-0.5552,-0.3905,1.192,-0.303,1.016,person2
0.1146,-2.3532,-0.1743,1.193,-0.252,0.995,person2
0.156,-4.2492,-0.244,1.19,-0.221,0.965,person2
0.6969,-5.7642,-0.5094,1.182,-0.2,0.931,person2
1.2019,-6.6253,-0.6587,1.174,-0.179,0.896,person2
1.3187,-6.1463,-0.1861,1.163,-0.162,0.856,person2
0.2225,-3.8256,0.7302,1.099,-0.108,0.776,person2
-1.339,-1.5074,1.0083,1.067,-0.087,0.76,person2
-2.5341,0.0311,0.9356,0.995,-0.034,0.75,person2
-3.4099,1.107,0.6987,0.952,-0.002,0.76,person2
-4.2105,1.7991,0.4816,0.819,0.123,0.834,person2
-4.8062,1.9284,0.4625,0.772,0.18,0.868,person2
-5.0285,1.6352,0.6592,0.724,0.239,0.908,person2
-4.79,0.5555,0.8976,0.677,0.303,0.947,person2
-4.5002,-0.4934,1.1534,0.537,0.485,1.038,person2
-4.2121,-1.1468,1.3309,0.491,0.535,1.055,person2
-4.2015,-1.5924,1.5619,0.447,0.585,1.064,person2
-4.1145,-1.8715,1.824,0.407,0.629,1.069,person2
-4.0507,-1.6859,1.9548,0.368,0.678,1.066,person2
-3.8753,-0.7381,1.8828,0.336,0.73,1.056,person2
-3.0946,1.4307,1.8485,0.309,0.785,1.043,person2
-2.7385,1.3248,1.924,0.29,0.837,1.023,person2
-2.3026,0.9817,2.0309,0.276,0.884,1.004,person2
-1.9174,0.6154,2.1013,0.272,0.925,0.981,person2
-1.52,0.2362,2.1392,0.275,0.967,0.953,person2
-1.1357,-0.0753,2.2967,0.392,1.122,0.734,person2
-0.8507,-0.38,2.4034,0.438,1.135,0.672,person2
-0.4053,-0.6189,2.5527,0.483,1.139,0.603,person2
-0.108,-0.7822,2.4997,0.648,1.112,0.364,person2
0.1648,-0.8591,2.3892,0.713,1.081,0.274,person2
0.3295,-0.8243,2.345,0.779,1.033,0.175,person2
0.4983,-0.6998,2.1099,0.844,0.977,0.085,person2
0.6329,-0.5427,1.725,0.908,0.909,0.007,person2
0.8005,-0.308,1.28,0.97,0.846,-0.062,person2
0.8713,-0.0393,0.9337,1.032,0.78,-0.131,person2
0.9542,0.1742,0.5622,1.092,0.712,-0.195,person2
1.0273,0.2498,0.3527,1.144,0.629,-0.258,person2
1.1802,0.2881,0.0862,1.19,0.519,-0.319,person2
1.2926,0.2622,-0.1493,1.226,0.379,-0.375,person2
1.4861,0.2274,-0.4128,1.262,-0.113,-0.45,person2
1.5674,0.2429,-0.5684,1.253,-0.288,-0.435,person2
1.6565,0.242,-0.854,1.229,-0.454,-0.408,person2
1.7927,0.1407,-1.143,1.195,-0.611,-0.371,person2
2.0484,0.0211,-1.5114,1.154,-0.748,-0.331,person2
2.2032,-0.0474,-1.6105,1.106,-0.878,-0.289,person2
2.3219,-0.0433,-1.7071,1.051,-0.993,-0.25,person2
2.3751,0.0542,-1.8467,0.992,-1.092,-0.199,person2
2.3103,0.2941,-1.8846,0.934,-1.164,-0.135,person2
2.134,0.4823,-1.8583,0.881,-1.221,-0.059,person2
1.8721,0.6304,-1.7441,0.827,-1.265,0.021,person2
1.7026,0.7022,-1.5418,0.779,-1.297,0.104,person2
1.5864,0.645,-1.3217,0.736,-1.308,0.192,person2
1.4817,0.5831,-1.1049,0.697,-1.296,0.285,person2
1.3758,0.509,-0.8753,0.665,-1.264,0.378,person2
1.2556,0.4424,-0.685,0.642,-1.219,0.465,person2
1.1051,0.3571,-0.5815,0.627,-1.164,0.551,person2
0.8946,0.2503,-0.5279,0.618,-1.114,0.636,person2
0.6677,0.1506,-0.5249,0.575,-0.589,1.17,person2
0.4853,0.1137,-0.5152,0.542,-0.528,1.201,person2
0.3675,0.1073,-0.5176,0.503,-0.478,1.228,person2
0.3076,0.1028,-0.5076,0.455,-0.437,1.255,person2
0.3052,0.0836,-0.4928,0.405,-0.411,1.283,person2
0.3189,0.0968,-0.4582,0.255,-0.443,1.414,person2
0.2843,0.0844,-0.3696,0.226,-0.468,1.445,person2
0.2954,0.0668,-0.2909,0.203,-0.495,1.468,person2
0.2192,0.0057,-0.2269,0.185,-0.509,1.494,person2
0.1086,-0.0782,-0.1284,0.176,-0.516,1.589,person2
0.0453,-0.2367,0.0435,0.188,-0.512,1.608,person2
0.0247,-0.4411,0.3012,0.201,-0.524,1.624,person2
-0.0734,-0.6456,0.6771,0.215,-0.541,1.641,person2
-0.1694,-0.8548,1.0807,0.287,-0.579,1.708,person2
-0.0769,-1.2984,1.4499,0.32,-0.595,1.738,person2
0.1905,-1.8389,1.7568,0.351,-0.615,1.771,person2
0.4104,-2.4238,2.1112,0.387,-0.618,1.817,person2
0.6027,-2.6763,2.384,0.426,-0.618,1.868,person2
0.7013,-2.5903,2.5905,0.533,-0.662,2.031,person2
0.9051,-2.4614,2.6009,0.564,-0.683,2.096,person2
1.0854,-2.1598,2.5122,0.595,-0.708,2.167,person2
1.1814,-1.7138,2.2909,0.629,-0.72,2.242,person2
1.2765,-1.3842,1.9428,0.721,-0.699,2.486,person2
1.3568,-1.3131,1.3028,0.744,-0.666,2.577,person2
1.3832,-1.3585,0.7751,0.762,-0.624,2.673,person2
1.2245,-1.4431,0.0727,0.786,-0.558,2.759,person2
1.1041,-1.4684,-0.5978,0.806,-0.478,2.835,person2
1.0266,-1.4142,-1.2875,0.909,0.12,3.039,person2
0.9007,-1.3283,-2.4581,0.961,0.307,3.065,person2
0.7366,-1.2387,-4.7615,1.02,0.492,3.096,person2
0.7708,-1.2559,-10.5402,1.362,1.153,3.144,person2
0.5072,-1.1516,-14.3877,1.563,1.463,3.134,person2
-0.4922,-0.2262,-11.7116,1.663,1.601,3.124,person2
-1.2873,0.0886,-7.0719,1.756,1.708,3.103,person2
-1.6878,-0.4913,-3.054,1.851,1.821,3.08,person2
-1.8659,-1.3774,-1.2641,1.936,1.924,3.056,person2
-1.961,-2.3644,0.0815,2.024,2.034,3.026,person2
-2.167,-3.0093,1.4593,2.1,2.123,3.003,person2
-2.5718,-3.6074,2.4882,2.177,2.214,2.971,person2
-3.1997,-4.1082,3.7148,2.25,2.284,2.922,person2
-3.4715,-4.5151,4.1744,2.415,2.409,2.759,person2
-3.8016,-4.8757,4.5721,2.447,2.428,2.688,person2
-3.9639,-4.8026,4.4231,2.473,2.444,2.615,person2
-4.2307,-4.3263,4.2211,2.493,2.454,2.53,person2
-4.2214,-3.289,4.0155,2.515,2.261,1.981,person2
-3.9573,-2.0989,3.9358,2.501,2.19,1.869,person2
-3.9855,-1.02,4.0368,2.361,1.798,1.288,person2
-4.1129,-0.1254,4.1886,2.312,1.659,1.132,person2
-3.9973,0.657,4.2783,2.26,1.509,0.971,person2
-3.9007,1.0664,4.6118,1.966,0.747,0.246,person2
-3.6367,1.6915,5.1803,1.876,0.546,0.085,person2
-3.2479,2.0345,5.4207,1.774,0.347,-0.062,person2
-3.0137,2.2756,5.1998,1.667,0.15,-0.174,person2
-2.7669,2.3099,4.6002,1.318,-0.684,-0.339,person2
-2.3992,2.1924,3.7921,1.191,-1.005,-0.344,person2
-1.788,1.7891,2.7283,1.055,-1.353,-0.325,person2
-1.0139,1.1427,1.9595,0.916,-1.691,-0.288,person2
-0.3173,0.7611,0.9869,0.784,-2.025,-0.24,person2
0.4148,0.4115,-0.4963,0.652,-2.346,-0.175,person2
0.9985,0.1866,-2.013,0.527,-2.668,-0.106,person2
1.3678,0.3163,-2.2047,0.407,-2.959,-0.034,person2
1.2544,0.7347,-1.4396,0.295,-3.239,0.046,person2
0.6613,1.1375,-0.1192,0.189,-3.499,0.132,person2
-1.8565,1.6215,2.0157,0.091,-3.723,0.23,person2
-2.385,1.67,2.1946,-0.207,-4.206,0.682,person2
-2.736,1.5692,2.0203,-0.281,-4.233,0.783,person2
-2.8417,1.5099,1.8359,-0.364,-4.231,0.888,person2
-2.7582,1.4479,1.7677,-0.447,-4.207,1.017,person2
-2.5819,1.3695,1.7898,-0.666,-4.074,1.475,person2
-2.4237,1.3067,1.7283,-0.725,-4.035,1.636,person2
-1.9324,1.3052,1.5596,-0.781,-3.983,1.8,person2
-1.2671,1.3139,1.3238,-0.833,-3.925,1.973,person2
-0.6318,1.186,0.8218,-1.004,-3.761,2.736,person2
0.127,0.9638,0.0282,-1.023,-3.69,2.931,person2
1.0781,0.534,-0.7206,-1.026,-3.609,3.11,person2
2.1398,-0.1339,-1.5358,-1.011,-3.489,3.287,person2
3.2327,-1.0554,-1.8049,-0.8,-3.0,3.824,person2
4.1338,-1.9962,-1.756,-0.673,-2.763,3.979,person2
4.6804,-2.5966,-1.3498,-0.517,-2.473,4.112,person2
4.9139,-2.7361,-1.1155,-0.337,-2.16,4.225,person2
4.864,-2.4272,-1.2056,-0.141,-1.847,4.318,person2
4.6926,-1.4732,-1.7518,0.059,-1.54,4.382,person2
4.4688,-0.5034,-2.1479,0.246,-1.225,4.405,person2
4.2672,0.2846,-2.0925,0.423,-0.918,4.421,person2
3.7802,0.8874,-1.7394,0.584,-0.62,4.423,person2
2.7005,1.3659,-1.0416,0.732,-0.336,4.401,person2
1.4517,1.1296,0.149,0.858,-0.055,4.355,person2
0.4438,-0.405,0.8834,1.104,0.804,3.949,person2
-0.2559,-2.5211,1.3192,1.099,0.989,3.818,person2
-0.4821,-4.3845,1.3908,1.079,1.185,3.687,person2
-0.107,-5.6658,1.1387,1.055,1.391,3.55,person2
0.4669,-6.6662,0.3577,0.885,1.708,2.915,person2
1.4005,-7.1615,-2.4621,0.819,1.719,2.642,person2
1.2193,-5.514,-3.8122,0.764,1.689,2.347,person2
-0.8247,-2.7414,-2.5014,0.722,1.63,2.04,person2
-3.233,-0.4196,0.0004,0.699,1.536,1.73,person2
-4.4014,1.1205,1.2032,0.694,1.419,1.451,person2
-5.0102,2.0237,1.1797,0.699,1.289,1.214,person2
-5.4524,2.3869,0.8857,0.724,1.163,1.028,person2
-5.6962,2.2731,0.7382,0.763,1.047,0.891,person2
-5.7282,1.6078,0.6886,0.812,0.951,0.804,person2
-5.6632,0.6131,0.8339,0.849,0.885,0.751,person2
-5.5402,-0.3298,1.1526,0.844,0.968,0.698,person2
-5.4377,-1.2333,1.4687,0.828,1.033,0.69,person2
-5.2669,-2.1119,1.8064,0.819,1.079,0.67,person2
-5.0537,-2.7403,2.0901,0.817,1.111,0.657,person2
-4.8965,-2.7377,2.2585,0.818,1.128,0.663,person2
-4.5821,-1.7336,2.2736,0.825,1.124,0.674,person2
-4.2671,-0.3958,2.1844,0.831,1.113,0.68,person2
-4.1701,0.3896,2.0561,0.832,1.099,0.689,person2
-4.0292,0.9062,2.0547,0.834,1.073,0.694,person2
-3.7533,1.0661,2.0641,0.834,1.036,0.701,person2
-3.5506,0.9083,2.1151,0.833,0.981,0.7,person2
-3.158,0.5796,2.1729,0.799,0.673,0.647,person2
-2.744,0.1923,2.2452,0.783,0.574,0.624,person2
-2.3385,-0.1038,2.2703,0.758,0.465,0.585,person2
-1.999,-0.319,2.2083,0.726,0.337,0.537,person2
-1.7609,-0.5095,2.1117,0.579,-0.073,0.359,person2
-1.3638,-0.6674,1.9943,0.521,-0.214,0.307,person2
-1.0439,-0.7406,1.9861,0.467,-0.353,0.26,person2
-0.7383,-0.7255,1.9796,0.41,-0.486,0.229,person2
-0.5607,-0.6541,1.9503,0.356,-0.601,0.204,person2
-0.3446,-0.551,1.8504,0.3,-0.691,0.186,person2
-0.0229,-0.3625,1.6411,0.243,-0.756,0.171,person2
0.3498,-0.171,1.2499,0.189,-0.792,0.163,person2
0.647,-0.0329,0.8966,0.129,-0.804,0.16,person2
0.8751,-0.0034,0.6683,0.071,-0.789,0.161,person2
1.2337,-0.0634,0.4136,0.012,-0.758,0.163,person2
1.5763,-0.1331,0.2192,-0.3,-0.432,0.211,person2
2.0242,-0.2366,-0.1073,-0.364,-0.359,0.224,person2
2.2803,-0.3109,-0.2375,-0.425,-0.291,0.234,person2
2.5162,-0.3973,-0.5247,-0.668,-0.034,0.241,person2
2.7811,-0.42,-0.9316,-0.725,0.025,0.239,person2
2.949,-0.454,-1.2703,-0.783,0.08,0.233,person2
3.0738,-0.4033,-1.61,-0.847,0.145,0.223,person2
3.1855,-0.2417,-1.8568,-0.907,0.214,0.213,person2
3.263,-0.0804,-1.8854,-0.966,0.276,0.204,person2
3.3147,0.1575,-1.9055,-1.025,0.34,0.195,person2
3.3227,0.5775,-1.8575,-1.081,0.405,0.186,person2
3.2853,0.926,-1.8556,-1.136,0.465,0.175,person2
3.1262,1.1861,-1.7675,-1.187,0.519,0.169,person2
2.8985,1.1733,-1.6333,-1.37,0.646,0.104,person2
2.7036,1.0054,-1.5147,-1.411,0.653,0.085,person2
2.5401,0.7692,-1.3687,-1.45,0.647,0.07,person2
2.3692,0.4985,-1.2626,-1.483,0.63,0.059,person2
2.1394,0.1944,-1.1733,-1.544,0.529,0.045,person2
1.9049,-0.1484,-1.076,-1.555,0.493,0.045,person2
1.5966,-0.3168,-0.9988,-1.562,0.467,0.044,person2
1.2831,-0.2677,-0.9244,-1.568,0.448,0.041,person2
1.1003,-0.2266,-0.8493,-1.543,0.412,0.08,person2
0.9065,-0.2281,-0.7139,-1.519,0.414,0.095,person2
0.7883,-0.2034,-0.6437,-1.455,0.421,0.144,person2
0.5674,-0.2267,-0.596,-1.414,0.419,0.17,person2
0.2808,-0.2456,-0.5505,-1.263,0.435,0.243,person2
0.0239,-0.2913,-0.4402,-1.207,0.437,0.269,person2
-0.084,-0.4201,-0.3575,-1.145,0.436,0.291,person2
-0.2468,-0.6602,-0.2039,-1.084,0.429,0.312,person2
-0.3452,-0.8488,-0.0756,-0.815,0.286,0.38,person2
-0.5101,-1.0316,0.1026,-0.744,0.23,0.393,person2
-0.5397,-1.1294,0.3525,-0.682,0.165,0.404,person2
-0.3757,-1.6757,0.7287,-0.621,0.101,0.409,person2
-0.057,-2.2809,1.2545,-0.465,-0.127,0.376,person2
0.2184,-2.5566,1.3933,-0.418,-0.213,0.351,person2
0.4257,-2.5155,1.4431,-0.38,-0.3,0.316,person2
0.6399,-2.3283,1.6479,-0.343,-0.387,0.273,person2
0.683,-1.9515,1.7431,-0.311,-0.468,0.234,person2
0.7657,-1.5409,1.5448,-0.281,-0.543,0.184,person2
0.9699,-1.2693,1.2066,-0.252,-0.615,0.133,person2
1.2244,-1.2898,0.769,-0.221,-0.688,0.091,person2
1.3561,-1.3319,0.2492,-0.197,-0.757,0.045,person2
1.4649,-1.4181,-0.3264,-0.171,-0.817,0.002,person2
1.3918,-1.3659,-1.0396,-0.142,-0.879,-0.037,person2
1.2155,-1.116,-1.8394,-0.116,-0.942,-0.073,person2
0.9842,-0.7729,-3.3559,-0.095,-0.997,-0.113,person2
0.674,-0.4959,-5.9242,-0.07,-1.049,-0.148,person2
0.4286,-0.6206,-11.9287,-0.048,-1.096,-0.182,person2
-0.2925,-0.7312,-13.688,-0.027,-1.137,-0.217,person2
-0.8559,-0.4538,-9.2559,-0.008,-1.171,-0.254,person2
-1.0841,-0.984,-4.7634,0.01,-1.204,-0.29,person2
-1.6262,-1.5137,-1.5744,0.024,-1.236,-0.322,person2
-1.6574,-2.1292,-0.1789,0.034,-1.269,-0.353,person2
-1.9123,-2.5084,1.5979,0.046,-1.3,-0.384,person2
-2.3355,-2.8072,3.0228,0.054,-1.337,-0.419,person2
-2.5871,-3.1981,3.432,0.057,-1.37,-0.457,person2
-2.9601,-3.7144,4.0238,0.055,-1.397,-0.497,person2
-3.3185,-4.1658,4.3768,0.047,-1.417,-0.54,person2
-3.477,-4.3985,4.3379,0.034,-1.432,-0.584,person2
-3.4894,-4.2845,3.9772,0.016,-1.443,-0.627,person2
-3.6708,-3.4887,4.0522,-0.011,-1.452,-0.673,person2
-3.4777,-2.3012,3.8331,-0.046,-1.455,-0.725,person2
-3.247,-1.2315,3.9559,-0.086,-1.452,-0.781,person2
-3.2402,-0.3706,4.0176,-0.137,-1.444,-0.841,person2
-3.1886,0.414,4.1419,-0.264,-1.408,-0.971,person2
-3.051,0.902,4.6654,-0.343,-1.381,-1.043,person2
-2.7594,1.1879,4.7405,-0.578,-1.317,-1.206,person2
-2.6277,1.4002,4.3302,-0.759,-1.298,-1.3,person2
-2.6666,1.5878,3.7419,-0.983,-1.297,-1.393,person2
-2.3886,1.6101,3.232,-2.34,-1.373,-1.789,person2
-2.0945,1.408,2.6946,-2.571,-1.372,-1.838,person2
-1.7669,0.9726,1.9334,-2.783,-1.367,-1.881,person2
-1.4082,0.5038,1.0123,-2.976,-1.372,-1.913,person2
-1.1595,0.186,0.1151,-3.148,-1.372,-1.942,person2
-1.0103,0.0476,-0.2374,-3.297,-1.376,-1.964,person2
-1.3015,0.0299,-0.461,-3.42,-1.38,-1.971,person2
-2.3106,0.309,-0.4774,-3.529,-1.388,-1.971,person2
-3.2703,0.6461,0.0704,-3.616,-1.378,-1.97,person2
-3.7607,0.896,0.7852,-3.804,-1.166,-1.975,person2
-4.1326,1.1251,1.2189,-3.823,-1.093,-1.975,person2
-4.3781,1.3895,1.5147,-3.834,-1.008,-1.972,person2
-4.5752,1.6473,1.6237,-3.842,-0.905,-1.972,person2
-4.2826,1.9104,1.687,-3.839,-0.53,-1.935,person2
-3.7141,2.0252,1.6157,-3.821,-0.4,-1.915,person2
-3.052,1.8271,1.4281,-3.788,-0.274,-1.9,person2
-2.2153,1.5169,1.4581,-3.743,-0.144,-1.87,person2
-1.2238,1.1708,1.434,-3.345,0.558,-1.652,person2
-0.3237,0.8895,1.2475,-3.199,0.784,-1.58,person2
0.4532,0.7674,0.6743,-3.028,1.016,-1.508,person2
1.0662,0.6695,-0.0243,-2.838,1.234,-1.438,person2
1.6458,0.5163,-0.6824,-2.243,1.84,-1.209,person2
2.3221,0.2451,-1.3534,-2.051,2.02,-1.121,person2
3.1595,-0.2892,-1.9553,-1.865,2.178,-1.048,person2
3.9836,-1.0165,-2.033,-1.675,2.285,-0.984,person2
4.6664,-1.8784,-1.426,-1.484,2.316,-0.932,person2
5.0718,-2.6251,-0.6554,-1.291,2.299,-0.891,person2
5.2655,-2.78,-0.3872,-1.104,2.25,-0.865,person2
5.2191,-2.1886,-0.6569,-0.921,2.164,-0.849,person2
4.8218,-0.9977,-1.3716,-0.741,2.054,-0.837,person2
4.4336,-0.1499,-2.1775,-0.571,1.932,-0.831,person2
3.6895,0.328,-2.6916,-0.411,1.804,-0.828,person2
2.7224,0.1523,-2.3259,0.103,1.161,-0.808,person2
1.6744,-1.0775,-1.6424,0.193,1.02,-0.802,person2
0.7952,-2.7338,-1.0423,0.266,0.892,-0.795,person2
0.1821,-4.0191,-0.6609,0.322,0.782,-0.785,person2
-0.1866,-4.7069,-0.5082,0.435,0.552,-0.771,person2
-0.117,-4.9302,-0.062,0.465,0.495,-0.763,person2
-0.3114,-4.3123,0.7638,0.487,0.448,-0.755,person2
-1.3509,-2.8408,1.4977,0.507,0.416,-0.75,person2
-2.6408,-1.4692,1.1191,0.525,0.388,-0.75,person2
-3.6196,-0.3676,0.3208,0.544,0.37,-0.753,person2
-4.0486,0.6325,0.1583,0.56,0.359,-0.759,person2
-4.2112,1.3933,0.3914,0.573,0.352,-0.768,person2
-4.5521,1.8834,0.447,0.58,0.355,-0.774,person2
-5.0366,1.9923,0.3957,0.578,0.357,-0.783,person2
-5.4077,1.4971,0.3449,0.565,0.362,-0.802,person2
-5.4648,0.4564,0.4319,0.487,0.301,-0.908,person2
-5.3131,-0.4532,0.6624,0.448,0.244,-0.954,person2
-5.2786,-1.195,0.9412,0.404,0.171,-1.006,person2
-5.1727,-1.9364,1.178,0.355,0.079,-1.058,person2
-4.8371,-2.3788,1.5501,0.302,-0.028,-1.114,person2
-4.4635,-2.1506,1.8958,0.246,-0.156,-1.168,person2
-4.0567,-1.1764,1.9998,0.196,-0.291,-1.227,person2
-3.5329,-0.1356,1.9978,0.145,-0.432,-1.279,person2
-3.1363,0.6481,1.9062,0.095,-0.578,-1.327,person2
-2.8093,1.1701,1.809,0.048,-0.722,-1.374,person2
-2.4456,1.438,1.7339,0.011,-0.853,-1.408,person2
-2.1029,1.3255,1.709,-0.022,-0.973,-1.436,person2
-1.8078,0.9134,1.7607,-0.064,-1.406,-1.427,person2
-1.5523,0.374,1.8687,-0.025,-1.448,-1.346,person2
-1.0463,-0.188,2.0135,-0.001,-1.452,-1.295,person2
-0.5209,-0.7139,2.083,0.025,-1.451,-1.24,person2
-0.0243,-1.0263,2.1459,0.051,-1.455,-1.182,person2
0.3492,-1.1961,2.1404,0.081,-1.462,-1.12,person2
0.5628,-1.2337,2.0967,0.108,-1.476,-1.064,person2
0.8323,-1.1087,1.9241,0.186,-1.57,-0.871,person2
1.0146,-0.8761,1.7182,0.203,-1.623,-0.808,person2
1.2588,-0.5819,1.4762,0.217,-1.679,-0.75,person2
1.4293,-0.2979,1.2217,0.228,-1.738,-0.693,person2
1.4972,0.0195,1.0032,0.271,-2.093,-0.44,person2
1.6419,0.2806,0.7053,0.355,-2.075,-0.308,person2
1.8593,0.4251,0.3348,0.375,-2.035,-0.287,person2
1.9285,0.5106,0.0972,0.485,-1.726,-0.181,person2
1.9757,0.5128,-0.3053,0.506,-1.645,-0.157,person2
1.9557,0.4504,-0.7164,0.586,-1.249,-0.051,person2
1.947,0.4024,-1.0752,0.605,-1.132,-0.019,person2
1.975,0.3465,-1.5068,0.624,-1.01,0.016,person2
1.9563,0.2849,-1.8265,0.639,-0.877,0.049,person2
1.9092,0.2666,-2.0593,0.696,-0.467,0.171,person2
1.9632,0.2338,-2.2776,0.717,-0.325,0.212,person2
1.9953,0.3442,-2.208,0.741,-0.183,0.262,person2
2.0027,0.4218,-1.9867,0.767,-0.035,0.316,person2
1.9414,0.5704,-1.7292,0.898,0.565,0.531,person2
1.8713,0.7313,-1.4122,0.932,0.724,0.583,person2
1.7705,0.7873,-1.1436,0.964,0.902,0.633,person2
1.6615,0.802,-0.8576,0.996,1.082,0.679,person2
1.5634,0.8018,-0.634,1.067,1.686,0.82,person2
1.5155,0.8053,-0.4438,1.083,1.902,0.868,person2
1.4789,0.8435,-0.2587,1.089,2.128,0.912,person2
1.4735,0.8448,-0.1513,1.084,2.356,0.962,person2
1.4132,0.8132,-0.0932,1.069,2.579,1.008,person2
1.3205,0.6474,-0.0905,1.037,2.783,1.048,person2
1.2134,0.4111,-0.0621,0.981,2.967,1.078,person2
1.0761,0.2312,-0.0074,0.907,3.124,1.102,person2
0.9849,0.0721,0.0748,0.812,3.232,1.119,person2
0.9362,-0.0713,0.1428,0.7,3.285,1.124,person2
0.8645,-0.1619,0.1476,0.575,3.278,1.121,person2
0.7831,-0.1701,0.1387,0.219,2.83,1.086,person2
0.7227,-0.1468,0.1591,0.128,2.574,1.071,person2
0.6575,-0.1657,0.2049,0.064,2.284,1.052,person2
0.3641,-0.1667,0.3508,0.024,1.971,1.032,person2
0.1516,-0.195,0.6286,0.011,1.636,1.009,person2
0.0152,-0.2569,0.9461,0.018,1.286,0.973,person2
-0.1581,-0.3856,1.2075,0.046,0.934,0.924,person2
-0.3415,-0.526,1.3346,0.092,0.584,0.86,person2
-0.4746,-0.803,1.5061,0.143,0.239,0.783,person2
-0.5894,-1.3781,1.8876,0.203,-0.096,0.7,person2
-0.4133,-2.1264,2.3876,0.259,-0.412,0.604,person2
-0.0499,-2.5839,2.7409,0.31,-0.707,0.498,person2
0.5081,-2.7658,2.9424,0.355,-0.987,0.387,person2
0.9388,-2.7305,2.969,0.39,-1.237,0.273,person2
1.09,-2.3714,2.8677,0.422,-1.463,0.152,person2
1.1421,-1.8285,2.5821,0.445,-1.656,0.033,person2
1.1593,-1.4032,1.9503,0.463,-1.817,-0.08,person2
1.2004,-1.2731,1.1336,0.474,-1.944,-0.18,person2
1.132,-1.4213,0.2186,0.49,-2.116,-0.43,person2
0.9739,-1.5833,-0.6863,0.492,-2.103,-0.494,person2
0.8083,-1.6496,-1.6157,0.485,-1.996,-0.593,person2
0.6881,-1.6465,-2.8793,0.476,-1.901,-0.621,person2
0.6081,-1.52,-4.561,0.455,-1.5,-0.622,person2
0.4241,-1.3379,-8.3894,0.46,-1.361,-0.599,person2
0.5081,-1.1363,-12.7669,0.471,-1.232,-0.562,person2
0.4948,-0.7104,-13.9785,0.49,-1.122,-0.523,person2
-0.0543,-0.0943,-9.6749,0.501,-0.884,-0.414,person2
-0.5699,-0.3661,-5.0453,0.491,-0.828,-0.392,person2
-0.9129,-1.1494,-2.7911,0.479,-0.777,-0.371,person2
-1.0231,-1.9426,-1.6786,0.465,-0.72,-0.361,person2
-1.1137,-2.2996,-0.0175,0.448,-0.647,-0.345,person2
-1.5808,-2.6057,1.6143,0.422,-0.561,-0.329,person2
-1.9676,-3.0242,2.21,0.396,-0.462,-0.306,person2
-2.3053,-3.4574,2.9206,0.366,-0.35,-0.281,person2
-3.0208,-3.9119,4.0265,0.338,-0.227,-0.25,person2
-3.7803,-4.1773,5.0488,0.307,-0.097,-0.216,person2
-4.106,-4.2991,4.9817,0.277,0.03,-0.18,person2
-4.2821,-4.0566,4.4538,0.189,0.277,-0.064,person2
-4.6031,-3.5208,4.0934,0.184,0.251,-0.059,person2
-4.6859,-2.9806,3.7927,0.179,0.199,-0.076,person2
-4.3481,-2.2259,3.6364,0.177,0.127,-0.084,person2
-4.3627,-1.3121,3.8856,0.173,0.045,-0.094,person2
-4.4556,-0.574,4.1949,0.091,0.051,-0.143,person2
-4.1359,-0.0457,4.3035,0.061,0.156,-0.146,person2
-3.4127,0.6628,4.5138,0.035,0.284,-0.154,person2
-3.1114,0.8514,4.2861,0.004,0.89,-0.295,person2
-2.9713,1.0724,3.6916,0.024,1.038,-0.347,person2
-2.7014,1.2455,3.2298,0.056,1.172,-0.396,person2
-2.3658,1.2724,2.5505,0.259,1.519,-0.502,person2
-1.8558,1.0865,1.5582,0.318,1.56,-0.508,person2
-1.2819,0.7525,0.2839,0.377,1.586,-0.505,person2
-0.6147,0.5423,-0.9066,0.437,1.605,-0.495,person2
-0.0941,0.3664,-1.6961,0.645,1.549,-0.41,person2
0.0722,0.3257,-1.3902,0.683,1.516,-0.381,person2
-0.017,0.3388,-0.4428,0.713,1.478,-0.349,person2
-0.8723,0.5548,0.2832,0.735,1.44,-0.317,person2
-2.3634,1.0304,0.6418,0.748,1.334,-0.222,person2
-3.2444,1.3209,0.9,0.734,1.296,-0.196,person2
-3.6411,1.6285,1.2248,0.711,1.254,-0.174,person2
-3.7869,1.8476,1.5612,0.685,1.214,-0.155,person2
-3.783,1.9819,1.8581,0.566,1.093,-0.113,person2
-3.6387,2.0745,1.8725,0.522,1.058,-0.103,person2
-3.3103,2.0535,1.8241,0.476,1.032,-0.094,person2
-2.992,2.0844,1.7754,0.429,1.002,-0.085,person2
-2.6133,2.1287,1.7535,0.377,0.975,-0.08,person2
-2.1015,1.9275,1.8817,0.324,0.953,-0.078,person2
-1.5388,1.6777,1.8896,0.274,0.932,-0.075,person2
-0.9186,1.3183,1.7024,0.22,0.915,-0.074,person2
-0.2362,0.9586,1.1558,0.168,0.896,-0.074,person2
0.3215,0.5387,0.1297,0.116,0.879,-0.072,person2
1.1244,0.1782,-1.183,0.063,0.867,-0.064,person2
2.1924,-0.2905,-2.45,0.008,0.857,-0.055,person2
3.5045,-0.957,-3.4793,-0.044,0.847,-0.046,person2
4.6852,-1.7726,-3.6235,-0.099,0.839,-0.032,person2
5.6345,-2.6143,-2.7838,-0.151,0.834,-0.012,person2
6.2142,-3.1176,-1.4438,-0.202,0.828,0.01,person2
6.5283,-2.9582,-0.2294,-0.253,0.826,0.04,person2
6.3516,-1.9566,0.0922,-0.308,0.814,0.073,person2
5.9005,-0.7424,-0.5509,-0.457,0.793,0.196,person2
5.1023,0.3885,-1.3176,-0.498,0.787,0.241,person2
3.83,1.4228,-1.6629,-0.536,0.785,0.293,person2
2.5758,1.3791,-1.2956,-0.573,0.778,0.347,person2
1.8445,-0.9545,-0.9697,-0.607,0.772,0.399,person2
1.608,-3.5412,-0.4548,-0.633,0.766,0.458,person2
1.9802,-5.4901,0.1484,-0.653,0.762,0.515,person2
2.5421,-6.7497,0.9055,-0.669,0.755,0.572,person2
1.9661,-5.9689,0.841,-0.68,0.748,0.633,person2
-1.7229,-1.7679,0.4743,-0.684,0.737,0.689,person2
-3.3408,-0.1357,0.7132,-0.687,0.724,0.741,person2
-4.4714,1.0068,0.872,-0.669,0.682,0.894,person2
-5.3629,1.592,0.7573,-0.656,0.661,0.942,person2
-5.8421,1.7756,0.5815,-0.639,0.642,0.99,person2
-6.1297,1.1971,0.372,-0.616,0.619,1.037,person2
-6.1629,0.336,0.499,-0.589,0.597,1.088,person2
-6.1888,-0.4224,0.8219,-0.559,0.574,1.138,person2
-6.156,-1.1332,1.067,-0.524,0.548,1.189,person2
-6.1042,-1.6729,1.3262,-0.482,0.523,1.242,person2
-6.0531,-2.0655,1.7271,-0.438,0.499,1.294,person2
-6.02,-2.2073,2.0759,-0.388,0.476,1.345,person2
-5.9206,-1.8547,2.1234,-0.333,0.45,1.395,person2
-5.6119,-0.8786,1.9975,-0.275,0.425,1.445,person2
-5.3869,0.0405,1.8064,-0.212,0.395,1.492,person2
-5.2065,0.6327,1.6875,-0.144,0.357,1.534,person2
-4.9399,0.9539,1.5959,-0.071,0.32,1.572,person2
-4.7294,1.0049,1.4912,0.007,0.274,1.603,person2
-4.4895,0.7713,1.3868,0.087,0.222,1.624,person2
-4.133,0.4034,1.3603,0.168,0.166,1.639,person2
-3.784,-0.006,1.411,0.4,-0.006,1.657,person2
-3.3646,-0.2628,1.408,0.472,-0.055,1.653,person2
-2.7992,-0.4465,1.3814,0.535,-0.103,1.645,person2
-2.4305,-0.6188,1.3761,0.595,-0.149,1.639,person2
-2.1012,-0.6905,1.3114,0.649,-0.195,1.631,person2
-1.8226,-0.6473,1.2467,0.698,-0.242,1.624,person2
-1.5395,-0.5833,1.2604,0.737,-0.287,1.618,person2
-1.2608,-0.5348,1.284,0.778,-0.333,1.614,person2
-0.8499,-0.4818,1.272,0.811,-0.377,1.612,person2
-0.2971,-0.4506,1.152,0.838,-0.421,1.611,person2
0.0955,-0.5129,1.0143,0.862,-0.461,1.615,person2
0.5892,-0.4941,0.891,0.877,-0.495,1.625,person2
0.8615,-0.5018,0.8239,0.913,-0.601,1.681,person2
1.215,-0.5068,0.7482,0.92,-0.63,1.697,person2
1.6107,-0.4326,0.6777,0.922,-0.66,1.715,person2
1.7967,-0.4082,0.6335,0.941,-0.809,1.835,person2
2.2252,-0.4241,0.4944,0.947,-0.832,1.862,person2
2.569,-0.5372,0.3346,0.956,-0.845,1.893,person2
2.8494,-0.6962,0.27,0.997,-0.877,1.969,person2
3.4447,-0.8368,0.1234,1.013,-0.884,1.992,person2
4.2814,-1.0558,-0.3405,1.03,-0.886,2.013,person2
4.5712,-0.5633,-0.7442,1.047,-0.888,2.034,person2
4.8171,-0.1624,-0.9459,1.068,-0.889,2.053,person2
4.7623,0.0868,-1.0493,1.087,-0.889,2.067,person2
4.7237,0.4766,-1.2312,1.11,-0.889,2.076,person2
4.5494,0.7835,-1.3696,1.133,-0.891,2.081,person2
4.1849,0.8376,-1.6147,1.154,-0.893,2.081,person2
3.6735,0.9417,-1.7601,1.181,-0.894,2.079,person2
3.2067,0.9185,-1.7453,1.211,-0.889,2.08,person2
2.8526,0.7953,-1.719,1.24,-0.886,2.078,person2
2.5875,0.6244,-1.6606,1.272,-0.876,2.079,person2
2.3485,0.4414,-1.5186,1.302,-0.863,2.071,person2
2.1407,0.2493,-1.3785,1.335,-0.848,2.069,person2
2.029,0.1164,-1.1747,1.366,-0.837,2.064,person2
1.9016,-0.1727,-0.9677,1.393,-0.824,2.058,person2
1.5702,-0.2322,-0.8138,1.423,-0.809,2.05,person2
1.3275,-0.2361,-0.6333,1.455,-0.787,2.043,person2
1.0777,-0.3179,-0.4616,1.486,-0.759,2.033,person2
0.827,-0.3164,-0.2349,1.52,-0.725,2.022,person2
0.4634,-0.2751,0.131,1.551,-0.688,2.012,person2
0.2168,-0.2791,0.2656,1.581,-0.645,2.002,person2
0.1626,-0.3658,0.2902,1.612,-0.599,1.987,person2
0.2024,-0.4395,0.3016,1.693,-0.456,1.919,person2
0.1647,-0.4389,0.333,1.712,-0.409,1.889,person2
-0.029,-0.3928,0.398,1.728,-0.366,1.859,person2
-0.2861,-0.3082,0.5519,1.735,-0.331,1.829,person2
-0.5263,-0.2605,0.7519,1.736,-0.305,1.806,person2
-0.6775,-0.48,0.9608,1.727,-0.282,1.786,person2
-0.6806,-0.9529,1.1379,1.714,-0.257,1.766,person2
-0.7159,-1.4864,1.3011,1.693,-0.239,1.747,person2
-0.8172,-2.1009,1.5078,1.669,-0.221,1.725,person2
-0.8627,-2.6529,1.8678,1.639,-0.208,1.705,person2
-0.8484,-3.0801,2.1777,1.606,-0.201,1.685,person2
-0.9344,-3.2909,2.1433,1.498,-0.155,1.608,person2
-1.0047,-3.1364,1.8322,1.462,-0.129,1.579,person2
-1.0882,-2.6559,1.5153,1.428,-0.092,1.556,person2
-1.3488,-1.9516,1.1536,1.39,-0.044,1.528,person2
-1.6981,-1.2678,0.7129,1.354,0.007,1.501,person2
-1.8986,-0.7382,0.4059,1.316,0.066,1.478,person2
-2.069,-0.5463,-0.1484,1.279,0.126,1.453,person2
-2.2036,-0.502,-0.8534,1.242,0.194,1.429,person2
-2.1622,-0.4556,-1.3456,1.207,0.268,1.401,person2
-2.1191,-0.3934,-2.0065,1.17,0.345,1.372,person2
-1.9033,-0.1443,-2.9138,1.129,0.425,1.341,person2
-1.4306,-0.1223,-4.6179,1.087,0.507,1.306,person2
-0.4476,-0.1673,-7.3495,1.041,0.587,1.267,person2
0.6165,-0.4448,-7.7564,0.992,0.661,1.223,person2
-0.1963,-0.9857,-5.0483,0.944,0.725,1.168,person2
-0.8664,-1.3941,-3.5193,0.894,0.777,1.111,person2
-1.3972,-1.8469,-2.3649,0.844,0.821,1.051,person2
-2.0949,-2.2792,-1.0878,0.79,0.856,0.986,person2
-2.8736,-2.4855,0.2777,0.581,0.942,0.692,person2
-3.7721,-2.5074,1.6904,0.535,0.95,0.614,person2
-3.9818,-3.0577,1.4743,0.487,0.956,0.536,person2
-4.1436,-3.1503,1.4467,0.446,0.956,0.455,person2
-4.933,-2.8468,1.9209,0.334,0.944,0.228,person2
-5.4857,-2.1974,2.6021,0.301,0.942,0.163,person2
-5.7305,-1.7599,2.6475,0.27,0.937,0.106,person2
-5.689,-1.3579,2.5437,0.235,0.933,0.057,person2
-5.4213,-1.008,2.363,0.204,0.926,0.012,person2
-5.254,-0.5421,2.4068,0.067,0.865,-0.097,person2
-5.0301,-0.0651,2.6166,0.03,0.834,-0.109,person2
-4.6371,0.3373,2.6739,-0.004,0.796,-0.121,person2
-4.4985,0.6635,2.6275,-0.15,0.597,-0.15,person2
-4.3841,0.8962,2.4952,-0.18,0.536,-0.159,person2
-4.1697,0.9841,2.4217,-0.202,0.477,-0.165,person2
-3.7978,0.7907,2.0456,-0.221,0.415,-0.175,person2
-3.2786,0.4514,1.7174,-0.254,0.244,-0.215,person2
-2.8858,0.082,1.3811,-0.259,0.199,-0.23,person2
-1.9723,-0.127,0.799,-0.264,0.158,-0.241,person2
-1.7092,-0.0941,0.8465,-0.265,0.123,-0.253,person2
-1.4907,0.0267,1.1256,-0.271,0.021,-0.301,person2
-1.2433,0.21,2.1565,-0.28,-0.052,-0.352,person2
-1.108,0.3345,2.4826,-0.285,-0.077,-0.37,person2
-0.9273,0.4797,2.7093,-0.294,-0.098,-0.382,person2
-0.7199,0.6367,2.8568,-0.312,-0.131,-0.395,person2
-0.5427,0.7257,2.8761,-0.315,-0.145,-0.395,person2
-0.3219,0.8218,2.8327,-0.32,-0.158,-0.399,person2
-0.1427,0.8206,2.7779,-0.326,-0.165,-0.396,person2
0.0157,0.748,2.6159,-0.332,-0.168,-0.386,person2
0.1468,0.6111,2.5005,-0.33,-0.169,-0.374,person2
0.317,0.5265,2.3759,-0.329,-0.162,-0.36,person2
0.4876,0.5329,2.2005,-0.325,-0.157,-0.345,person2
0.6401,0.6041,2.0434,-0.32,-0.158,-0.332,person2
0.8947,0.8004,1.7247,-0.314,-0.156,-0.327,person2
1.4719,0.7021,1.347,-0.305,-0.152,-0.315,person2
1.9421,0.4189,1.0871,-0.244,-0.106,-0.255,person2
2.507,-0.0008,0.701,-0.218,-0.09,-0.243,person2
3.1658,-0.4307,-0.1266,-0.198,-0.072,-0.23,person2
3.583,-0.7613,0.0095,-0.177,-0.054,-0.217,person2
3.6754,-1.1102,0.898,-0.055,0.058,-0.158,person2
3.7939,-1.4518,1.9703,-0.032,0.075,-0.142,person2
3.9935,-1.5703,2.7851,-0.01,0.092,-0.125,person2
4.1119,-1.2154,3.1191,0.053,0.128,-0.002,person2
4.1982,-0.8717,2.5889,0.058,0.117,0.028,person2
4.5709,-1.1426,1.4129,0.051,0.004,0.152,person2
5.1933,-2.3727,-0.0568,0.05,-0.025,0.184,person2
5.796,-3.9805,-4.3328,0.048,-0.059,0.212,person2
4.8077,-4.6778,-11.8199,0.047,-0.096,0.244,person2
2.4145,-2.55,-8.8455,0.077,-0.261,0.315,person2
1.6867,-1.0407,-4.6704,0.091,-0.304,0.32,person2
1.0081,-0.2583,-2.0274,0.11,-0.351,0.317,person2
0.2421,0.3625,-0.8205,0.185,-0.562,0.263,person2
-0.5126,1.0016,-0.314,0.203,-0.618,0.242,person2
-0.9715,1.3262,0.0609,0.225,-0.676,0.218,person2
-1.158,1.2686,0.4883,0.247,-0.735,0.194,person2
-1.0926,0.9819,0.6174,0.303,-0.933,0.108,person2
-0.844,0.6072,0.6501,0.321,-1.001,0.077,person2
-0.6054,0.3156,0.6543,0.337,-1.069,0.042,person2
-0.4307,0.1723,0.661,0.354,-1.13,0.004,person2
-0.3035,0.2621,0.7808,0.433,-1.374,-0.22,person2
-0.2429,0.402,0.872,0.45,-1.394,-0.273,person2
-0.0387,0.3791,0.67,0.469,-1.393,-0.332,person2
-0.0745,0.1086,0.4106,0.584,-1.018,-0.702,person2
-0.313,-0.0917,0.2149,0.602,-0.871,-0.792,person2
-0.6684,-0.1824,0.0607,0.609,-0.702,-0.884,person2
-1.1309,-0.3163,-0.1397,0.423,0.325,-1.271,person2
-1.4731,-0.4601,-0.275,0.26,0.654,-1.367,person2
-1.7139,-0.5709,-0.4121,0.035,0.966,-1.464,person2
-1.9071,-0.6604,-0.5869,-0.256,1.232,-1.56,person2
-1.9976,-0.5375,-0.6958,-1.422,1.571,-1.801,person2
-1.8997,-0.3072,-0.6681,-1.807,1.538,-1.876,person2
-1.6727,-0.1668,-0.5483,-2.168,1.455,-1.951,person2
-1.4231,-0.0998,-0.3777,-2.491,1.332,-2.03,person2
-1.2791,-0.0835,-0.2278,-3.428,0.618,-2.386,person2
-1.2531,-0.0595,-0.1103,-3.581,0.446,-2.467,person2
-1.1907,-0.0672,-0.0294,-3.702,0.291,-2.541,person2
-1.0727,-0.1417,0.0735,-3.801,0.152,-2.611,person2
-0.9326,-0.2159,0.2186,-3.955,-0.154,-2.771,person2
-0.8093,-0.2322,0.3503,-3.971,-0.243,-2.822,person2
-0.802,-0.1853,0.4258,-3.973,-0.322,-2.854,person2
-0.9226,-0.0796,0.473,-3.963,-0.394,-2.871,person2
-1.1965,0.0702,0.5171,-3.825,-0.659,-2.847,person2
-1.3671,0.2054,0.5485,-3.775,-0.709,-2.823,person2
-1.415,0.244,0.5877,-3.725,-0.744,-2.78,person2
-1.456,0.1952,0.6268,-3.665,-0.766,-2.723,person2
-1.4086,0.1655,0.7048,-3.45,-0.789,-2.537,person2
-1.3308,0.1655,0.8243,-3.362,-0.781,-2.471,person2
-1.2176,0.1258,1.0285,-3.265,-0.766,-2.406,person2
-1.077,0.1392,1.2346,-3.159,-0.748,-2.341,person2
-0.9077,0.1373,1.4187,-3.046,-0.721,-2.275,person2
-0.6216,0.0805,1.6638,-2.926,-0.69,-2.206,person2
-0.2389,-0.0433,1.9188,-2.802,-0.647,-2.138,person2
0.5147,-0.4032,2.3962,-2.675,-0.601,-2.066,person2
0.9224,-0.4369,2.4277,-2.548,-0.558,-2.002,person2
1.1222,-0.4274,2.3689,-2.425,-0.518,-1.938,person2
1.3982,-0.385,2.3127,-2.306,-0.482,-1.879,person2
1.582,-0.398,2.1999,-1.907,-0.41,-1.67,person2
1.8169,-0.4336,2.1775,-1.829,-0.389,-1.632,person2
2.1222,-0.4439,2.1629,-1.761,-0.37,-1.605,person2
2.254,-0.4001,2.0727,-1.698,-0.349,-1.584,person2
2.555,-0.3706,1.986,-1.556,-0.257,-1.562,person2
2.678,-0.2793,1.8406,-1.52,-0.215,-1.556,person2
2.7156,-0.1033,1.6777,-1.487,-0.166,-1.55,person2
2.8703,0.1234,1.4281,-1.455,-0.115,-1.537,person2
2.8432,0.4065,1.1403,-1.313,0.166,-1.441,person2
2.9651,0.4669,0.883,-1.288,0.224,-1.416,person2
3.0116,0.516,0.7873,-1.26,0.284,-1.387,person2
3.0493,0.5792,0.6772,-1.05,0.449,-1.207,person2
3.0906,0.6833,0.5052,-0.991,0.449,-1.173,person2
2.9953,0.767,0.4277,-0.932,0.436,-1.133,person2
2.8779,0.7201,0.1612,-0.559,0.16,-0.968,person2
2.8376,0.4035,0.0235,-0.274,-0.158,-0.873,person2
3.0454,-0.4399,-0.2455,-0.232,-0.2,-0.855,person2
3.2179,-0.6288,-0.4803,-0.047,-0.316,-0.76,person2
3.2427,-0.6187,-0.6663,-0.007,-0.331,-0.748,person2
3.1588,-0.4417,-0.9955,0.035,-0.345,-0.734,person2
2.9115,-0.2324,-1.2183,0.232,-0.312,-0.692,person2
2.5664,-0.0893,-1.5097,0.286,-0.287,-0.684,person2
2.1886,0.0415,-1.8352,0.341,-0.262,-0.68,person2
1.8397,0.1407,-2.0353,0.54,-0.179,-0.69,person2
1.4953,0.1051,-2.2865,0.577,-0.172,-0.696,person2
1.1679,0.076,-2.5123,0.605,-0.168,-0.707,person2
0.8396,-0.038,-2.8637,0.631,-0.167,-0.718,person2
0.6052,-0.1479,-3.1324,0.65,-0.202,-0.76,person2
0.5162,-0.3075,-3.337,0.644,-0.215,-0.781,person2
0.5693,-0.5722,-3.2904,0.633,-0.233,-0.793,person2
1.6207,-2.2149,-1.9738,0.609,-0.259,-0.805,person2
1.954,-2.2878,-1.5913,0.464,-0.344,-0.849,person2
2.1891,-2.2502,-1.4341,0.412,-0.362,-0.854,person2
2.4215,-2.3246,-1.4301,0.363,-0.379,-0.855,person2
2.54,-2.3559,-1.5726,0.309,-0.393,-0.858,person2
2.5736,-2.3329,-1.9094,0.154,-0.455,-0.853,person2
2.3473,-2.2679,-2.2439,0.108,-0.485,-0.848,person2
1.8626,-2.0689,-2.546,0.067,-0.517,-0.836,person2
1.2658,-1.7335,-2.7325,0.031,-0.547,-0.818,person2
0.682,-1.372,-2.7765,0.0,-0.581,-0.796,person2
0.0996,-0.2385,-2.0179,-0.02,-0.618,-0.771,person2
0.1196,-0.0658,-1.7444,-0.034,-0.659,-0.741,person2
-0.072,-0.14,-0.8713,-0.046,-0.694,-0.71,person2
-0.1786,-0.2288,-0.7767,-0.047,-0.726,-0.676,person2
-0.5323,-0.3366,-0.8238,-0.042,-0.75,-0.637,person2
-1.0611,-0.6421,-0.9536,-0.035,-0.765,-0.596,person2
-1.483,-0.9633,-1.1802,0.023,-0.766,-0.454,person2
-2.202,-1.3468,-0.7933,0.049,-0.75,-0.407,person2
-2.6972,-1.8182,-0.2346,0.077,-0.714,-0.352,person2
-3.107,-2.4846,0.6273,0.109,-0.672,-0.298,person2
-3.6056,-3.2754,1.3047,0.142,-0.622,-0.239,person2
-3.766,-3.667,1.8965,0.174,-0.563,-0.18,person2
-4.0398,-4.0825,2.4811,0.207,-0.499,-0.119,person2
-4.117,-4.1115,3.1698,0.238,-0.432,-0.061,person2
-3.7494,-3.5743,3.6912,0.272,-0.362,-0.004,person2
-2.3553,-1.3485,4.4721,0.304,-0.29,0.051,person2
-1.3143,-0.152,3.8117,0.334,-0.215,0.108,person2
-1.0175,0.3128,3.0013,0.445,0.133,0.316,person2
-0.6678,0.7952,1.6759,0.474,0.224,0.368,person2
-0.4511,1.0986,0.7069,0.5,0.312,0.413,person2
-0.3232,1.3287,0.442,0.523,0.402,0.46,person2
-0.3073,1.5109,0.8186,0.636,0.772,0.648,person2
-0.7871,1.521,1.4243,0.659,0.837,0.676,person2
-1.578,1.4777,2.0517,0.682,0.894,0.699,person2
-2.4754,1.4188,2.4885,0.788,1.116,0.774,person2
-3.039,1.3839,2.6584,0.815,1.167,0.786,person2
-3.3715,1.4094,2.8162,0.841,1.21,0.797,person2
-3.6411,1.504,2.6253,0.917,1.329,0.825,person2
-3.7717,1.489,2.1718,0.929,1.336,0.828,person2
-3.7,1.6138,2.064,0.932,1.333,0.826,person2
-3.5996,1.7504,2.0886,0.925,1.317,0.82,person2
-3.5849,1.9066,2.1356,0.835,1.125,0.782,person2
-3.4637,2.0702,2.1837,0.796,1.026,0.768,person2
-3.3592,2.1306,2.1413,0.756,0.914,0.755,person2
-3.2586,2.1617,2.1067,0.716,0.786,0.738,person2
-3.0483,2.2096,2.059,0.601,0.325,0.67,person2
-2.6636,2.0668,2.0568,0.567,0.153,0.643,person2
-2.0399,1.7859,1.9806,0.542,-0.013,0.61,person2
-1.4639,1.3904,1.8289,0.522,-0.178,0.578,person2
-0.7963,1.0149,1.5035,0.498,-1.063,0.267,person2
-0.0568,0.5548,0.9135,0.498,-1.168,0.202,person2
0.7475,-0.0133,-0.0543,0.467,-1.227,-0.057,person2
1.6445,-0.6265,-1.3483,0.449,-1.145,-0.086,person2
2.7968,-1.4853,-3.1402,0.281,-0.376,-0.091,person2
4.1082,-2.5507,-4.9816,0.26,-0.241,-0.077,person2
5.3145,-3.4062,-5.4205,0.247,0.324,-0.007,person2
6.1532,-3.974,-3.8671,0.254,0.401,-0.008,person2
6.7319,-4.0348,-2.2396,0.255,0.464,-0.015,person2
7.0728,-3.3651,-1.8324,0.254,0.668,-0.066,person2
7.0518,-2.1651,-2.1967,0.254,0.73,-0.072,person2
5.6618,-0.3861,-2.501,0.255,0.794,-0.074,person2
2.4202,1.3083,-2.1809,0.261,1.036,-0.06,person2
0.5137,1.6936,-0.622,0.266,1.076,-0.058,person2
-0.1807,1.5958,0.3465,0.271,1.104,-0.06,person2
-0.6661,0.7587,1.2444,0.275,1.128,-0.07,person2
-0.972,-1.0007,2.0451,0.26,1.073,-0.157,person2
-0.9231,-2.9715,2.439,0.239,1.018,-0.193,person2
-0.708,-4.5386,2.4651,0.209,0.951,-0.229,person2
-0.4682,-5.5565,2.4612,0.177,0.879,-0.264,person2
-0.2228,-6.0198,2.5474,0.109,0.689,-0.355,person2
-0.2026,-6.1285,2.1517,0.105,0.643,-0.381,person2
-0.5539,-5.2987,0.9934,0.113,0.607,-0.403,person2
-0.9133,-3.6127,-0.7129,0.137,0.578,-0.42,person2
-1.7659,-1.5476,-1.315,0.335,0.454,-0.426,person2
-2.7135,0.0746,-1.0419,0.387,0.41,-0.419,person2
-3.5877,1.0378,-0.8986,0.435,0.365,-0.405,person2
-4.4246,1.6035,-0.6451,0.478,0.319,-0.395,person2
-4.9137,1.7774,-0.1663,0.576,0.205,-0.353,person2
-5.1613,1.4759,0.2927,0.601,0.178,-0.338,person2
-5.3397,0.9375,0.559,0.626,0.166,-0.321,person2
-5.3127,0.2121,0.6444,0.651,0.158,-0.303,person2
-5.1614,-0.4196,0.6988,0.709,0.157,-0.204,person2
-5.0976,-0.8213,0.7828,0.714,0.155,-0.177,person2
-5.16,-1.054,0.9729,0.712,0.156,-0.148,person2
-5.1847,-1.0432,1.0093,0.706,0.155,-0.117,person2
-5.1546,-0.5981,0.9865,0.598,0.12,-0.003,person2
-4.9982,-0.0661,0.8884,0.549,0.094,0.015,person2
-4.6188,0.2571,0.879,0.497,0.067,0.03,person2
-4.0539,0.5662,0.9375,0.436,0.036,0.036,person2
-3.6106,0.7354,1.0684,0.163,-0.082,0.031,person2
-3.147,0.9262,1.2725,0.097,-0.101,0.028,person2
-2.7958,1.0334,1.6254,0.033,-0.116,0.023,person2
-1.3153,0.2335,2.447,-0.205,-0.125,-0.001,person2
-0.876,-0.1485,2.3866,-0.259,-0.112,-0.006,person2
-0.4855,-0.5258,2.2261,-0.31,-0.087,-0.007,person2
-0.1492,-0.7863,2.073,-0.358,-0.053,-0.003,person2
0.4351,-0.8711,1.9296,-0.509,0.168,0.067,person2
1.06,-0.8101,1.2548,-0.532,0.243,0.096,person2
1.2331,-0.6288,0.9956,-0.551,0.325,0.133,person2
1.363,-0.3459,0.8381,-0.562,0.413,0.175,person2
1.5328,-0.1177,0.68,-0.563,0.672,0.338,person2
1.6313,0.0595,0.4771,-0.556,0.76,0.402,person2
1.8105,0.2212,0.2304,-0.542,0.841,0.468,person2
1.8831,0.3528,0.1122,-0.524,0.916,0.533,person2
2.0631,0.4321,-0.0416,-0.445,1.115,0.749,person2
2.8242,-0.0314,-0.5552,-0.424,1.138,0.791,person2
2.994,-0.085,-0.5688,-0.402,1.153,0.831,person2
3.1847,0.0778,-0.5474,-0.326,1.15,0.996,person2
3.2475,0.2793,-0.556,-0.302,1.13,1.043,person2
3.0518,0.4873,-0.5169,-0.279,1.101,1.09,person2
2.8922,0.6715,-0.5739,-0.252,1.066,1.14,person2
2.3407,0.6658,-0.7394,-0.226,1.017,1.195,person2
1.8884,0.3703,-0.7826,0.046,0.436,1.611,person2
1.6843,0.2541,-0.8769,0.081,0.337,1.656,person2
1.4836,0.2346,-0.9129,0.117,0.243,1.694,person2
1.2701,0.2032,-1.0417,0.153,0.146,1.727,person2
1.069,0.1063,-1.07,0.185,0.054,1.762,person2
0.819,-0.035,-1.0985,0.218,-0.041,1.793,person2
0.6195,-0.1485,-1.1646,0.247,-0.136,1.822,person2
0.5255,-0.1498,-1.1643,0.271,-0.223,1.845,person2
0.3868,-0.1878,-1.1951,0.294,-0.305,1.866,person2
0.2885,-0.2264,-1.1628,0.316,-0.388,1.883,person2
0.2291,-0.3125,-1.145,0.334,-0.463,1.898,person2
0.1714,-0.3426,-1.0717,0.353,-0.541,1.91,person2
0.0767,-0.3299,-1.0328,0.42,-0.827,1.938,person2
-0.0428,-0.3273,-0.9432,0.443,-0.88,1.941,person2
-0.2284,-0.3283,-0.9176,0.461,-0.929,1.94,person2
-0.3636,-0.2352,-0.8646,0.482,-0.97,1.942,person2
-0.5756,-0.0955,-0.8429,0.588,-1.105,1.943,person2
-0.7095,0.0573,-0.8376,0.625,-1.132,1.939,person2
-0.6618,0.1876,-0.8078,0.661,-1.154,1.937,person2
-0.3589,0.0429,-0.7522,0.698,-1.169,1.936,person2
-0.0141,-0.6236,-0.6182,0.881,-1.175,1.931,person2
0.3684,-1.5507,-0.4852,0.936,-1.16,1.935,person2
1.0262,-2.3408,-0.2943,0.991,-1.14,1.938,person2
1.7056,-2.8341,-0.1499,1.273,-1.022,1.962,person2
2.3162,-3.0863,-0.0835,1.327,-0.999,1.965,person2
2.693,-3.1828,-0.1162,1.375,-0.976,1.968,person2
3.0279,-3.1824,-0.2315,1.561,-0.9,1.964,person2
3.2278,-2.9961,-0.4491,1.583,-0.892,1.961,person2
3.2978,-2.6171,-0.7998,1.671,-0.867,1.938,person2
3.0451,-2.0837,-1.3909,1.679,-0.862,1.934,person2
2.4048,-1.456,-2.2139,1.684,-0.826,1.891,person2
1.841,-0.8474,-2.9915,1.682,-0.815,1.873,person2
1.3019,-0.4266,-3.5052,1.679,-0.796,1.853,person2
0.7663,-0.0359,-3.8796,1.665,-0.646,1.749,person2
0.2359,0.2759,-4.6328,1.657,-0.602,1.733,person2
-0.4531,0.2254,-5.3985,1.581,-0.25,1.652,person2
-1.0198,-0.1429,-4.9321,1.563,-0.165,1.629,person2
-1.3568,-0.7237,-3.3108,1.541,-0.082,1.608,person2
-1.5954,-1.2658,-0.904,1.338,0.269,1.452,person2
-1.7822,-1.8015,1.1583,1.283,0.315,1.419,person2
-1.9338,-2.2632,2.389,0.955,0.455,1.248,person2
-2.1078,-2.8099,3.3023,0.887,0.465,1.199,person2
-2.2197,-3.3184,3.6718,0.823,0.478,1.149,person2
-2.6747,-3.7566,4.0764,0.529,0.562,0.875,person2
-2.9459,-4.0151,4.3156,0.481,0.583,0.812,person2
-3.2329,-3.9755,4.2312,0.435,0.605,0.748,person2
-3.5106,-3.6629,4.2556,0.29,0.701,0.46,person2
-3.4851,-2.8604,4.0432,0.268,0.731,0.392,person2
-3.3578,-1.8477,4.039,0.242,0.763,0.332,person2
-2.8596,-0.9258,3.9822,0.153,0.937,0.08,person2
-1.7466,1.0018,4.2601,0.135,0.963,0.044,person2
-1.0757,1.3118,4.4939,0.121,0.986,0.011,person2
-0.7639,1.1327,4.4162,0.054,1.022,-0.102,person2
-0.3726,0.7304,4.3373,0.034,1.019,-0.126,person2
-0.2344,0.4615,3.9687,0.014,1.011,-0.15,person2
0.0037,0.1878,2.2623,-0.106,0.911,-0.237,person2
-0.5866,0.5115,1.0547,-0.131,0.881,-0.253,person2
-1.4395,0.8521,1.1101,-0.154,0.851,-0.264,person2
-2.1454,1.1636,1.1989,-0.243,0.7,-0.313,person2
-2.9338,1.3868,1.064,-0.251,0.671,-0.324,person2
-3.5188,1.5348,1.1449,-0.252,0.645,-0.332,person2
-3.8376,1.5727,1.3332,-0.241,0.52,-0.383,person2
-4.0501,1.665,1.5112,-0.231,0.477,-0.395,person2
-4.1544,1.6741,1.5196,-0.226,0.418,-0.419,person2
-3.8014,1.4645,1.5739,-0.254,0.127,-0.477,person2
-3.2807,1.324,1.5574,-0.264,0.069,-0.474,person2
-2.674,1.1953,1.4994,-0.28,0.007,-0.468,person2
-2.121,1.1773,1.3872,-0.342,-0.221,-0.413,person2
-0.8414,1.2324,0.9007,-0.354,-0.272,-0.395,person2
-0.3528,0.9804,0.5019,-0.369,-0.32,-0.378,person2
0.1942,0.4918,-0.3894,-0.379,-0.364,-0.364,person2
1.008,-0.1386,-1.5883,-0.387,-0.481,-0.316,person2
2.0745,-0.8891,-3.3561,-0.378,-0.494,-0.309,person2
3.3361,-1.6686,-4.3423,-0.365,-0.507,-0.303,person2
4.1217,-2.3308,-2.7961,-0.206,-0.424,-0.296,person2
4.4724,-2.8334,-0.8373,-0.171,-0.386,-0.29,person2
4.3856,-2.9323,-0.069,-0.014,-0.235,-0.228,person2
3.5837,-1.9935,-0.3512,0.001,-0.217,-0.203,person2
2.7677,-0.7599,-0.442,0.008,-0.202,-0.172,person2
2.3013,0.186,-0.3272,0.005,-0.206,-0.039,person2
2.1719,0.7308,-0.298,-0.007,-0.229,0.026,person2
2.277,0.8774,-0.3619,-0.008,-0.308,0.152,person2
2.407,0.8494,-0.0759,0.001,-0.331,0.166,person2
2.3529,0.9416,0.9897,0.009,-0.357,0.171,person2
2.0108,1.3013,2.7831,0.102,-0.508,0.163,person2
1.2262,1.5767,4.3849,0.126,-0.538,0.159,person2
-0.1752,0.6625,4.4869,0.263,-0.697,0.118,person2
-0.9273,-1.1694,3.7569,0.287,-0.733,0.109,person2
-1.0195,-2.9157,2.7496,0.314,-0.771,0.094,person2
-0.8315,-4.1857,1.7339,0.41,-0.984,-0.015,person2
-0.5669,-5.4225,0.4782,0.421,-1.022,-0.048,person2
0.2256,-7.0476,-2.5604,0.428,-1.064,-0.085,person2
1.4014,-8.705,-7.1054,0.435,-1.199,-0.355,person2
0.3045,-8.3879,-4.4244,0.436,-1.186,-0.425,person2
-2.272,-5.1611,-0.1732,0.417,-0.752,-0.8,person2
-3.6476,-2.0023,1.5239,0.393,-0.615,-0.878,person2
-4.2782,-0.0223,1.5102,0.361,-0.467,-0.952,person2
-4.7789,1.4004,1.1436,-0.153,0.648,-1.335,person2
-5.1144,2.4754,0.6917,-0.379,0.887,-1.411,person2
-5.2026,3.016,0.4914,-2.251,1.167,-1.847,person2
-5.2729,3.1096,0.4181,-2.513,1.054,-1.929,person2
-5.3956,2.8861,0.5289,-3.36,0.364,-2.326,person2
-5.3955,2.4309,0.7086,-3.454,0.272,-2.39,person2
-5.2728,1.6801,1.0725,-3.527,0.204,-2.446,person2
-5.0624,0.7767,1.471,-3.61,0.062,-2.595,person2
-4.7252,-0.136,1.7836,-3.582,0.043,-2.609,person2
-4.3175,-0.7379,1.9697,-3.334,-0.088,-2.519,person2
-4.0402,-0.981,1.9736,-3.278,-0.101,-2.466,person2
-3.6096,-1.0147,1.9095,-2.94,-0.156,-2.167,person2
-3.0902,-0.9013,1.8299,-2.859,-0.144,-2.103,person2
-2.5974,-0.7628,1.7892,-2.776,-0.129,-2.039,person2
-2.1605,-0.5593,1.7134,-2.314,-0.126,-1.712,person2
-1.909,-0.3118,1.6332,-2.229,-0.136,-1.652,person2
-1.6391,-0.1276,1.4654,-1.784,-0.235,-1.387,person2
-1.1527,0.3605,1.3497,-1.712,-0.277,-1.36,person2
-1.0881,0.4329,1.3653,-1.374,-0.321,-1.307,person2
-0.9353,0.4637,1.3615,-1.088,-0.448,-1.211,person2
-0.7016,0.3988,1.3735,-1.037,-0.474,-1.192,person2
-0.4153,0.2969,1.3323,-0.669,-0.832,-1.092,person2
-0.0779,0.152,1.1856,-0.596,-0.93,-1.071,person2
0.2456,-0.0367,1.0084,-0.282,-1.301,-0.928,person2
0.5062,-0.267,0.8649,-0.09,-1.105,-0.792,person2
1.3524,-0.715,0.2164,0.217,-0.566,-0.73,person2
1.568,-0.6211,0.0212,0.51,-0.033,-0.801,person2
1.6602,-0.4336,-0.1411,0.73,0.595,-1.008,person2
1.8655,-0.2846,-0.3555,0.682,0.934,-1.14,person2
2.0864,-0.1026,-0.6586,0.381,0.86,-1.165,person2
2.1661,0.0447,-0.816,0.335,0.798,-1.158,person2
2.3338,0.111,-0.9708,0.288,0.713,-1.141,person2
2.508,0.1973,-1.0994,0.242,0.609,-1.113,person2
2.6752,0.3596,-1.2091,0.202,0.494,-1.084,person2
2.78,0.4923,-1.2381,0.17,0.369,-1.049,person2
2.8038,0.5626,-1.2704,0.143,0.233,-1.011,person2
2.8235,0.582,-1.2701,0.122,0.088,-0.968,person2
2.7773,0.5193,-1.1647,0.104,-0.056,-0.93,person2
2.5036,0.4588,-1.1025,0.093,-0.204,-0.886,person2
2.1216,0.4519,-1.1068,0.086,-0.347,-0.841,person2
1.7544,0.4807,-1.0568,0.084,-0.487,-0.796,person2
1.423,0.4865,-1.0216,0.085,-0.622,-0.754,person2
1.1801,0.5,-1.0053,0.09,-0.742,-0.708,person2
0.9962,0.4941,-0.9924,0.148,-1.077,-0.516,person2
0.7695,0.5009,-1.0062,0.166,-1.125,-0.467,person2
0.5204,0.4469,-1.0701,0.184,-1.16,-0.416,person2
0.2956,0.3874,-1.0885,0.203,-1.183,-0.363,person2
0.1264,0.3583,-1.0773,0.273,-1.156,-0.128,person2
-0.0012,0.329,-1.0604,0.289,-1.118,-0.066,person2
-0.0873,0.3018,-1.045,0.308,-1.072,-0.006,person2
-0.0338,0.2786,-1.0167,0.413,-0.758,0.287,person2
0.0476,0.0611,-0.8093,0.44,-0.68,0.345,person2
0.0235,-0.3956,-0.5721,0.467,-0.598,0.404,person2
-0.1349,-0.6933,-0.4407,0.632,-0.169,0.699,person2
-0.3778,-0.8435,-0.3107,0.669,-0.074,0.756,person2
-0.5953,-0.8338,-0.0583,0.707,0.022,0.813,person2
-0.6338,-0.7809,0.3141,0.844,0.414,1.014,person2
-0.5734,-0.658,0.4227,0.871,0.502,1.057,person2
-0.4691,-0.3847,0.4251,0.894,0.584,1.094,person2
-0.3985,-0.1233,0.4136,0.963,0.966,1.201,person2
-0.3061,-0.3184,0.5059,0.964,1.04,1.208,person2
-0.0183,-0.9112,0.7104,0.957,1.11,1.208,person2
0.3471,-1.5154,0.9884,0.856,1.457,1.169,person2
0.7204,-1.8714,1.3052,0.824,1.506,1.149,person2
1.0366,-2.1,1.5823,0.784,1.543,1.136,person2
1.3458,-2.2695,1.7232,0.612,1.548,1.049,person2
1.591,-2.4187,1.6641,0.456,1.124,0.841,person2
1.8786,-2.3959,1.4682,0.576,0.225,0.56,person2
2.1078,-2.1718,1.0972,0.59,0.079,0.518,person2
1.9526,-0.7088,-0.4545,0.595,-0.066,0.467,person2
1.2082,0.2459,-1.5789,0.528,-0.622,0.233,person2
0.9028,0.6918,-3.1967,0.502,-0.678,0.198,person2
0.5762,1.1174,-4.6723,0.477,-0.717,0.16,person2
0.1972,0.5733,-5.6265,0.37,-0.642,0.071,person2
-0.6106,-0.256,-9.9361,0.35,-0.572,0.054,person2
-1.3613,-0.5141,-9.8893,0.329,-0.489,0.037,person2
-1.2886,-1.6254,-1.528,0.307,-0.399,0.02,person2
-1.6429,-2.5568,2.2164,0.216,-0.04,0.005,person2
-2.0216,-3.0069,2.6792,0.188,0.055,0.012,person2
-2.2671,-3.3969,2.6873,0.165,0.15,0.017,person2
-2.4495,-3.9738,2.8886,0.096,0.658,-0.033,person2
-2.8006,-4.5076,3.0648,0.105,0.774,-0.05,person2
-3.0283,-4.7386,3.4297,0.22,1.533,-0.21,person2
-3.1522,-4.3944,4.192,0.22,1.561,-0.246,person2
-2.9114,-3.3083,4.3752,0.092,1.018,-0.587,person2
-2.6462,-2.0255,4.0035,0.01,0.317,-0.878,person2
-2.3182,-0.9292,3.9446,0.318,-0.149,-0.795,person2
-1.7383,0.3052,4.2341,0.538,-0.543,-0.683,person2
-1.3618,0.417,4.3403,0.474,-0.684,-0.514,person2
-1.4305,0.4163,3.7026,0.134,-0.865,-0.395,person2
-1.6953,0.4591,1.9256,-0.284,-0.846,-0.292,person2
-2.2444,0.3655,1.5737,-0.505,-0.363,-0.203,person2
-2.8054,0.3755,0.3139,-0.513,-0.267,-0.183,person2
-3.2888,0.636,0.5256,-0.515,-0.164,-0.162,person2
-3.7921,0.8821,0.0545,-0.516,-0.051,-0.142,person2
-4.1328,1.26,-0.0583,-0.478,0.43,-0.039,person2
-4.3875,1.3811,0.1129,-0.459,0.55,-0.006,person2
-4.5255,1.5984,0.3209,-0.443,0.669,0.043,person2
-4.503,1.7766,0.6524,-0.423,0.789,0.096,person2
-4.4817,1.8699,0.9861,-0.364,1.145,0.294,person2
-4.3527,1.9774,0.9654,-0.354,1.2,0.337,person2
-4.0295,1.9667,0.8798,-0.347,1.248,0.378,person2
-3.3579,1.5905,0.7929,-0.335,1.371,0.611,person2
-2.5625,1.1636,0.607,-0.335,1.379,0.665,person2
-1.6458,0.7794,0.4962,-0.337,1.382,0.722,person2
-0.8522,0.511,0.495,-0.326,1.362,0.988,person2
-0.2605,0.4414,0.5337,-0.319,1.347,1.059,person2
0.244,0.4449,0.3347,-0.309,1.328,1.13,person2
0.7061,0.2903,0.158,-0.298,1.301,1.204,person2
1.3064,0.1591,0.0398,-0.218,1.066,1.505,person2
1.9042,-0.0014,-0.4869,-0.2,0.998,1.553,person2
2.5525,-0.0569,-0.9351,-0.106,0.621,1.722,person2
3.0253,-0.2557,-1.2885,-0.086,0.546,1.742,person2
3.3274,-0.6788,-1.3821,-0.069,0.466,1.759,person2
3.4313,-1.286,-1.2179,0.025,0.077,1.821,person2
3.269,-1.6973,-0.7229,0.043,0.004,1.831,person2
3.014,-1.5,-0.1457,0.061,-0.069,1.843,person2
2.6993,-0.988,0.3348,0.15,-0.313,1.888,person2
1.9963,-0.0726,-0.2919,0.169,-0.346,1.896,person2
1.9717,-0.0747,-0.925,0.352,-0.578,2.005,person2
2.0793,-0.6583,-1.0174,0.654,-0.689,2.116,person2
2.0581,-1.8729,-0.4183,0.75,-0.69,2.136,person2
1.9437,-3.1515,0.5046,0.798,-0.69,2.142,person2
1.9804,-4.1793,1.6693,0.845,-0.691,2.143,person2
1.9596,-4.5244,2.7902,0.888,-0.692,2.141,person2
1.6812,-4.0875,3.4678,0.929,-0.696,2.141,person2
0.6655,-3.1461,3.0021,1.048,-0.719,2.147,person2
-0.8592,-2.1792,1.3432,1.084,-0.733,2.14,person2
-1.7537,-1.5137,-1.5162,1.114,-0.747,2.138,person2
-3.2821,-0.6355,-4.1158,1.144,-0.764,2.135,person2
-4.3497,0.0902,-3.053,1.168,-0.782,2.131,person2
-5.1158,0.5385,-1.9304,1.227,-0.84,2.126,person2
-5.5725,0.8295,-0.895,1.247,-0.86,2.128,person2
-5.9052,0.9091,-0.2698,1.262,-0.876,2.127,person2
-6.1584,0.6777,0.2138,1.277,-0.892,2.125,person2
-6.1868,0.1532,0.7297,1.327,-0.95,2.11,person2
-6.0507,-0.9732,0.7198,1.337,-0.956,2.103,person2
-5.2846,-1.2653,2.2464,1.348,-0.955,2.093,person2
-4.5867,-1.8657,2.4968,1.358,-0.956,2.084,person2
-4.4594,-1.5614,1.9144,1.403,-0.926,2.007,person2
-4.2071,-0.147,0.3916,1.416,-0.909,1.981,person2
-3.3628,0.5069,1.3897,1.428,-0.888,1.96,person2
-2.8969,1.041,1.5439,1.48,-0.584,1.76,person2
-2.5448,1.3985,1.7328,1.395,-0.197,1.455,person2
-2.3289,1.4252,1.7422,1.185,0.134,1.165,person2
-1.7296,1.1623,1.9031,0.823,0.438,0.705,person2
-1.2632,0.685,1.8705,0.404,0.691,0.136,person2
-0.7231,0.2538,1.85,0.359,0.737,0.085,person2
-0.3798,-0.1003,1.9529,0.316,0.784,0.035,person2
-0.0528,-0.482,2.2004,0.275,0.837,-0.011,person2
0.0206,-0.7211,2.3217,0.233,0.881,-0.056,person2
0.0802,-0.7363,2.1509,0.198,0.923,-0.096,person2
0.2291,-0.6167,1.8975,0.083,1.035,-0.204,person2
0.3808,-0.4328,1.6808,0.046,1.066,-0.235,person2
0.4745,-0.1944,1.3227,0.011,1.094,-0.268,person2
0.6146,0.1718,0.7971,-0.024,1.12,-0.297,person2
0.7851,0.5578,0.3355,-0.058,1.141,-0.327,person2
0.7479,0.6139,0.2035,-0.202,1.176,-0.43,person2
0.7349,0.4345,0.0837,-0.24,1.17,-0.449,person2
1.0279,0.1837,-0.1594,-0.279,1.163,-0.472,person2
1.2744,-0.0948,-0.4019,-0.465,1.018,-0.525,person2
1.4457,-0.1785,-0.7014,-0.499,0.975,-0.53,person2
1.4574,-0.1328,-0.8434,-0.528,0.934,-0.534,person2
1.4152,-0.0214,-1.0189,-0.626,0.714,-0.541,person2
1.4206,0.2265,-1.0319,-0.638,0.675,-0.544,person2
1.4614,0.4962,-1.1569,-0.644,0.634,-0.545,person2
1.4183,0.6406,-0.9665,-0.646,0.389,-0.574,person2
1.3955,0.7196,-0.8779,-0.644,0.334,-0.584,person2
1.1911,0.9434,-1.0189,-0.63,-0.027,-0.592,person2
0.9634,1.2436,-1.5468,-0.633,-0.093,-0.59,person2
0.7257,1.5049,-1.9615,-0.663,-0.45,-0.533,person2
0.6856,1.3224,-2.0168,-0.666,-0.494,-0.522,person2
0.74,1.176,-2.1431,-0.644,-0.658,-0.457,person2
0.829,1.0578,-2.1646,-0.523,-0.651,-0.423,person2
0.9442,0.962,-2.1417,-0.385,-0.593,-0.408,person2
1.0709,0.9507,-1.9977,-0.348,-0.562,-0.4,person2
1.2151,0.7387,-1.6336,-0.332,-0.543,-0.396,person2
1.2794,0.0597,-1.4205,-0.316,-0.524,-0.393,person2
1.0398,-0.4265,-1.1301,-0.299,-0.5,-0.389,person2
0.6408,-0.5192,-0.6331,-0.283,-0.474,-0.383,person2
0.4449,-0.7554,0.2526,-0.224,-0.37,-0.37,person2
0.0695,-1.3504,0.523,-0.204,-0.328,-0.365,person2
-0.2936,-1.0218,0.6904,-0.184,-0.285,-0.362,person2
-0.6047,-0.5454,0.8307,-0.159,-0.237,-0.36,person2
-0.6399,-0.297,0.8485,-0.134,-0.186,-0.356,person2
-0.4591,-0.3121,0.939,-0.008,0.071,-0.311,person2
-0.4232,-0.3536,1.0035,0.029,0.131,-0.299,person2
-0.4294,-0.4312,0.9793,0.071,0.188,-0.286,person2
-0.3869,-0.6513,0.8281,0.249,0.373,-0.31,person2
-0.2172,-1.0898,0.8809,0.277,0.39,-0.331,person2
0.0857,-1.559,1.0932,0.3,0.394,-0.36,person2
0.4197,-1.8719,1.3323,0.374,0.255,-0.577,person2
0.6798,-2.1276,1.5565,0.386,0.205,-0.628,person2
0.9726,-2.2084,1.6138,0.461,-0.108,-0.944,person2
1.2542,-2.2072,1.5969,0.479,-0.156,-0.986,person2
1.6043,-1.7789,1.4097,0.584,-0.393,-1.227,person2
1.9059,-1.298,1.1018,0.602,-0.421,-1.264,person2
2.0294,-1.0187,0.6819,0.692,-0.535,-1.477,person2
1.9172,-1.1906,-1.0371,0.667,-0.498,-1.641,person2
1.8022,-1.2951,-1.5665,0.582,-0.246,-1.687,person2
1.4983,-1.2959,-2.3048,0.341,0.185,-1.519,person2
1.1594,-1.112,-2.9433,0.228,0.16,-1.469,person2
0.7727,-0.8905,-4.2129,0.086,0.092,-1.41,person2
0.0716,-0.6434,-8.1329,-0.088,-0.015,-1.344,person2
-1.0114,-0.4814,-15.2469,-0.28,-0.153,-1.277,person2
-1.6494,-0.6515,-13.8377,-0.493,-0.318,-1.207,person2
-1.34,-1.897,-0.3995,-1.169,-0.791,-0.998,person2
-1.7818,-2.1956,1.467,-1.381,-0.906,-0.941,person2
-1.8457,-3.0025,1.7832,-1.588,-0.989,-0.89,person2
-1.939,-3.499,2.7129,-1.782,-1.045,-0.844,person2
-2.0807,-3.637,3.5662,-1.965,-1.081,-0.804,person2
-2.3499,-3.5638,4.1359,-2.568,-1.0,-0.73,person2
-2.7499,-3.6291,4.458,-2.691,-0.917,-0.719,person2
-3.2032,-3.2527,4.5654,-2.801,-0.817,-0.715,person2
-3.2332,-2.4094,5.2474,-3.222,0.055,-0.755,person2
-3.004,-1.5997,5.716,-3.26,0.232,-0.768,person2
-2.7876,-0.7978,5.8996,-3.312,1.293,-0.887,person2
-2.5987,0.198,5.727,-3.051,2.494,-0.948,person2
-2.0914,0.5784,5.4655,-2.635,3.199,-0.872,person2
-2.1703,0.8565,4.295,-1.996,3.436,-0.653,person2
-1.9959,0.9872,3.5006,-1.933,3.399,-0.638,person2
-0.6515,1.1848,2.2968,-1.871,3.35,-0.622,person2
0.4372,1.4227,1.8124,-1.814,3.294,-0.607,person2
0.5964,1.3625,1.4257,-1.76,3.23,-0.593,person2
0.5179,1.2021,0.9014,-1.708,3.16,-0.585,person2
0.3253,1.2527,0.4904,-1.57,2.93,-0.549,person2
-0.8183,1.2939,0.2824,-1.526,2.85,-0.533,person2
-2.7477,1.4242,0.9564,-1.488,2.758,-0.519,person2
-3.355,1.3876,1.2842,-1.445,2.657,-0.5,person2
-3.4039,1.5636,1.6606,-1.279,2.132,-0.383,person2
-3.3886,1.3881,2.2521,-1.252,2.024,-0.357,person2
-3.3392,1.499,2.3282,-1.228,1.918,-0.331,person2
-3.3089,1.4878,2.4214,-1.131,1.345,-0.185,person2
-2.8792,1.6055,2.1933,-1.094,1.187,-0.138,person2
-2.0315,1.4661,1.5714,-1.05,1.028,-0.086,person2
-1.1251,1.0003,0.8789,-0.786,0.181,0.185,person2
-0.3652,0.8425,0.3163,-0.726,0.01,0.238,person2
0.3082,0.655,-0.1845,-0.296,-0.688,0.572,person2
2.3513,-0.103,-2.8964,0.144,-0.451,0.739,person2
3.1519,-0.5,-3.491,0.39,0.239,0.685,person2
3.8221,-0.6647,-4.1044,0.204,1.145,0.511,person2
4.1851,-0.8497,-4.0755,-0.596,1.926,0.356,person2
4.2207,-1.3209,-3.1971,-0.69,1.986,0.345,person2
3.9409,-1.531,-1.9655,-0.775,2.035,0.34,person2
3.3874,-1.4322,-1.1836,-0.852,2.07,0.34,person2
3.017,-1.3307,-1.0158,-0.918,2.097,0.343,person2
2.615,-1.0913,-1.5043,-1.016,1.964,0.48,person2
2.096,-0.6883,-1.8848,-0.683,1.439,0.714,person2
1.2269,-0.3249,-1.619,-0.468,0.976,1.013,person2
0.3457,-0.4574,-0.8395,-0.354,0.814,1.286,person2
-0.3636,-1.6577,-0.2817,-0.343,0.806,1.32,person2
-0.524,-2.355,0.0122,-0.286,0.861,1.485,person2
0.1536,-2.3651,0.3631,-0.28,0.886,1.504,person2
0.9134,-2.1414,0.5343,-0.234,1.44,1.49,person2
0.0859,-1.8557,0.0351,-0.165,2.414,1.216,person2
-0.2104,-1.7553,-2.0845,-0.148,2.539,1.17,person2
-0.9438,-1.5619,-2.2374,-0.125,2.652,1.124,person2
-2.5663,-0.8175,-0.436,-0.106,2.754,1.078,person2
-3.8521,-0.0371,1.7762,-0.006,3.03,0.909,person2
-4.508,0.3646,2.7784,0.019,3.067,0.874,person2
-4.611,0.3943,2.5375,0.043,3.091,0.842,person2
-4.517,0.2558,1.8784,0.155,3.058,0.706,person2
-4.4996,0.3385,1.3433,0.172,3.03,0.687,person2
-4.3969,0.3599,1.3173,0.193,2.987,0.669,person2
-3.9271,0.3874,1.6365,0.444,2.39,0.622,person2
-3.4538,0.5335,1.9019,0.902,0.888,0.595,person2
-3.1825,0.6231,2.0102,1.243,-1.007,0.483,person2
-2.9464,0.7097,2.0571,1.264,-2.236,0.37,person2
-2.6271,0.9046,2.128,0.882,-2.485,0.181,person2
-1.8733,0.8008,2.5404,-0.345,-1.021,-0.031,person2
-0.8164,0.6198,2.9817,-0.617,-0.559,-0.056,person2
-0.3026,0.4611,2.9635,-0.883,-0.086,-0.094,person2
0.1038,0.4598,2.7785,-1.119,0.383,-0.145,person2
0.4832,-0.3015,2.4195,-1.31,0.837,-0.212,person2
0.7468,-0.636,2.3144,-1.443,1.278,-0.298,person2
0.8804,-0.6538,2.2686,-1.258,2.864,-0.839,person2
1.0601,-0.6067,2.1103,-1.053,3.176,-1.012,person2
1.1373,-0.5388,1.8845,-0.817,3.429,-1.193,person2
1.245,-0.4799,1.6175,-0.562,3.634,-1.373,person2
1.2512,-0.5077,1.0449,0.592,4.051,-1.958,person2
1.084,-0.3778,0.5819,0.745,4.038,-1.978,person2
0.9215,-0.3093,-0.3207,0.968,3.633,-1.635,person2
0.4644,-0.2925,-2.2751,0.909,3.546,-1.531,person2
-0.009,-0.2017,-3.4212,0.247,3.006,-0.914,person2
-0.0583,-0.0127,-3.1317,0.116,2.92,-0.836,person2
0.2182,0.1114,-1.6599,-0.593,2.435,-0.59,person2
0.1225,-0.1957,-1.5163,-0.962,2.07,-0.578,person2
0.2963,-0.1184,-1.067,-0.891,1.948,-0.452,person2
0.4628,-0.1033,-0.4931,-0.886,1.947,-0.388,person2
0.533,-0.0554,-0.0716,-0.881,1.948,-0.313,person2
0.6137,0.0896,0.2336,-0.88,1.954,-0.23,person2
0.7515,0.1052,0.3914,-0.884,1.959,-0.142,person2
0.9081,0.0602,0.4802,-0.889,1.97,-0.046,person2
1.025,0.2238,0.4156,-0.907,2.011,0.241,person2
1.1682,0.2954,0.432,-0.916,2.022,0.33,person2
1.2067,0.2389,0.0123,-0.923,2.03,0.414,person2
0.7839,0.3297,-0.5379,-0.932,2.032,0.492,person2
0.5868,0.6113,-0.6966,-0.944,2.03,0.562,person2
0.2505,0.4798,-0.9362,-1.026,1.934,0.83,person2
0.1062,0.42,-1.0258,-1.05,1.771,1.0,person2
0.0132,0.537,-1.1111,-0.92,1.62,1.094,person2
0.1255,0.2022,-1.2151,-0.731,1.269,1.107,person2
0.2658,0.0123,-1.3288,-0.714,1.219,1.112,person2
0.4553,-0.0709,-1.4371,-0.699,1.175,1.116,person2
0.6463,-0.0341,-1.5383,-0.689,1.131,1.125,person2
0.8261,0.2482,-1.6094,-0.676,1.085,1.135,person2
0.9212,0.3749,-1.5063,-0.668,1.035,1.142,person2
0.955,0.3364,-1.333,-0.642,0.869,1.182,person2
1.0025,0.1352,-1.0013,-0.633,0.806,1.196,person2
0.9825,-0.141,-0.6571,-0.625,0.741,1.21,person2
1.0052,-0.5063,-0.3608,-0.615,0.677,1.227,person2
1.0433,-0.8691,-0.0791,-0.561,0.347,1.308,person2
1.1496,-0.9248,0.2359,-0.551,0.286,1.322,person2
1.2469,-0.9818,0.4354,-0.54,0.223,1.33,person2
1.2928,-0.9261,0.5681,-0.462,-0.089,1.311,person2
1.3484,-0.7873,0.6194,-0.444,-0.143,1.298,person2
1.3189,-0.7413,0.6734,-0.429,-0.192,1.275,person2
1.2725,-0.934,0.6737,-0.307,-0.372,1.112,person2
1.2584,-1.1468,0.5839,-0.16,-0.343,0.916,person2
1.3186,-1.3699,0.4733,-0.035,-0.107,0.755,person2
1.4897,-1.0896,0.4055,-0.024,-0.059,0.735,person2
1.7197,-1.6815,0.3253,-0.014,-0.009,0.714,person2
1.8699,-2.1942,0.0751,-0.007,0.044,0.694,person2
2.071,-2.7099,-0.285,-0.003,0.103,0.678,person2
2.2941,-2.1381,-0.4651,-0.003,0.161,0.663,person2
2.4472,-1.5463,-0.6153,-0.006,0.217,0.649,person2
2.4692,-0.9797,-0.752,-0.01,0.273,0.629,person2
2.3226,-0.4491,-0.9334,-0.021,0.328,0.605,person2
1.991,-0.0541,-1.0563,-0.034,0.381,0.586,person2
1.4736,0.3421,-1.038,-0.047,0.433,0.565,person2
1.0139,0.6608,-0.9319,-0.063,0.483,0.545,person2
0.6134,0.9053,-0.8003,-0.081,0.535,0.527,person2
0.3901,0.9842,-0.7853,-0.101,0.585,0.51,person2
0.2278,0.9941,-1.0088,-0.177,0.8,0.454,person2
0.2126,0.5578,-6.5746,-0.197,0.86,0.444,person2
0.8642,-0.0381,-10.9244,-0.213,0.922,0.435,person2
0.4428,0.2343,-4.6698,-0.31,1.322,0.374,person2
-0.02,0.3919,-0.8233,-0.326,1.399,0.364,person2
-0.4296,-0.4811,1.1257,-0.374,1.87,0.307,person2
-1.3261,-0.9947,1.7,-0.381,1.944,0.306,person2
-1.5279,-1.6561,2.0795,-0.386,2.017,0.307,person2
-1.6112,-1.7195,2.5154,-0.391,2.336,0.299,person2
-1.4665,-1.8758,3.0528,-0.383,2.372,0.299,person2
-1.1692,-2.1535,3.1941,-0.376,2.404,0.302,person2
-0.7596,-2.0928,2.5522,-0.365,2.427,0.305,person2
-0.2277,-1.7557,1.8062,-0.353,2.449,0.306,person2
0.2838,-1.6988,1.2696,-0.338,2.466,0.306,person2
0.785,-1.7715,1.0986,-0.322,2.478,0.303,person2
1.0862,-1.616,0.9399,-0.303,2.489,0.301,person2
1.0621,-1.3391,1.1999,-0.277,2.496,0.301,person2
0.855,-1.2599,1.6144,-0.253,2.501,0.297,person2
0.021,-0.9648,2.2128,-0.224,2.502,0.296,person2
-0.9126,-0.7005,2.7925,-0.195,2.499,0.29,person2
-1.5444,-0.4262,3.1501,-0.16,2.495,0.286,person2
-2.015,-0.1412,3.198,0.026,2.437,0.279,person2
-2.3883,0.1147,3.0122,0.068,2.418,0.282,person2
-2.7824,0.5067,2.6519,0.104,2.397,0.287,person2
-3.1705,0.8502,2.1906,0.301,2.252,0.314,person2
-3.4525,1.0391,1.6519,0.339,2.22,0.316,person2
-3.7414,1.2444,1.1902,0.598,2.023,0.299,person2
-3.8635,1.3743,0.9423,0.878,1.915,0.291,person2
-3.7751,1.4046,0.8674,0.941,1.93,0.285,person2
-3.716,1.2636,0.918,0.971,1.944,0.272,person2
-3.5398,1.3085,1.1511,0.999,1.965,0.264,person2
-3.3125,1.3154,1.3313,1.026,1.988,0.255,person2
-3.0394,1.3487,1.467,1.056,2.015,0.243,person2
-2.6661,1.2902,1.5731,1.157,2.149,0.197,person2
-2.3273,1.4033,1.6511,1.179,2.187,0.185,person2
-2.048,1.1373,1.6225,1.199,2.226,0.176,person2
-1.5221,1.2968,1.3894,1.26,2.446,0.144,person2
-1.0457,1.0552,0.8814,1.26,2.477,0.14,person2
-0.5244,0.8397,0.2529,1.199,2.607,0.142,person2
0.1783,0.4706,-0.5877,1.014,2.694,0.181,person2
0.679,0.4849,-1.6784,0.984,2.706,0.188,person2
1.0644,0.4307,-2.2968,0.957,2.718,0.196,person2
1.4438,0.1215,-2.4987,0.933,2.733,0.198,person2
1.7391,0.0997,-2.2606,0.906,2.749,0.204,person2
1.7604,0.0363,-1.8323,0.879,2.769,0.207,person2
1.5827,-0.1255,-1.1396,0.857,2.788,0.208,person2
1.345,-0.0634,-0.4579,0.832,2.812,0.213,person2
1.4025,-0.3336,-0.1114,0.809,2.84,0.212,person2
1.6408,-0.4885,-0.1384,0.784,2.87,0.208,person2
1.767,-0.5718,-0.5133,0.76,2.904,0.202,person2
1.8441,-0.5722,-1.1868,0.736,2.942,0.199,person2
1.5629,-0.6247,-1.7281,0.71,2.979,0.191,person2
1.4083,-0.6837,-1.8502,0.591,3.192,0.098,person2
1.1526,-0.6594,-1.603,0.565,3.231,0.07,person2
1.0038,-0.4707,-1.1156,0.535,3.27,0.038,person2
0.5036,-0.4361,1.2467,0.296,3.372,-0.202,person2
0.2578,0.1982,1.4033,0.241,3.354,-0.248,person2
0.0584,0.7805,2.2427,-0.085,3.008,-0.514,person2
-0.553,-0.1262,2.2963,-0.296,2.513,-0.654,person2
-0.9497,-0.2694,0.8942,-0.487,1.885,-0.688,person2
-0.6015,-2.136,-0.6919,-0.774,1.318,-0.653,person2
0.3903,-3.1615,-1.5956,-0.985,1.057,-0.535,person2
1.1719,-3.0891,-0.6476,-1.092,0.93,-0.411,person2
1.2143,-2.5373,0.4357,-1.102,0.913,-0.409,person2
0.4743,-1.7599,0.6466,-1.111,0.894,-0.408,person2
-1.0646,-0.7301,1.1091,-1.14,0.806,-0.455,person2
-3.9497,0.1232,0.3101,-1.142,0.794,-0.473,person2
-5.1901,0.2606,-0.015,-1.166,0.798,-0.608,person2
-4.8979,0.3143,0.7779,-1.3,0.866,-0.725,person2
-4.07,0.2493,1.7387,-1.57,0.924,-0.817,person2
-2.841,-0.0255,2.1197,-1.596,0.929,-0.826,person2
-1.9584,-0.2163,3.0828,-1.621,0.939,-0.829,person2
-1.394,0.0575,3.1362,-1.641,0.953,-0.831,person2
-1.3144,0.1938,2.4959,-1.655,0.971,-0.834,person2
-1.3813,0.2709,1.1512,-1.662,0.993,-0.836,person2
-0.9279,0.4638,-0.4758,-1.659,1.092,-0.838,person2
-0.9053,0.6948,-1.7393,-1.645,1.137,-0.837,person2
-1.4174,0.8539,-1.8512,-1.628,1.188,-0.835,person2
-2.0178,0.7283,-1.2281,-1.606,1.246,-0.833,person2
-2.3144,0.3839,-0.1552,-1.579,1.304,-0.831,person2
-1.858,-0.5657,0.5562,-1.457,1.585,-0.823,person2
-1.437,-0.331,1.4707,-1.423,1.658,-0.821,person2
-0.8982,-0.3193,2.0052,-1.386,1.728,-0.823,person2
-0.7292,0.0046,2.0927,-1.187,2.097,-0.764,person2
-0.37,-0.207,1.5967,-1.152,2.137,-0.751,person2
-0.0655,-0.4025,1.0692,-0.973,2.342,-0.643,person2
0.3432,-0.6495,0.5679,-0.83,2.495,-0.427,person2
0.8644,-0.7574,0.3179,-0.806,2.39,-0.264,person2
1.2436,-0.6235,-0.0748,-0.783,2.169,-0.154,person2
1.3346,-0.5012,-0.6651,-0.647,2.004,-0.052,person2
1.1977,-0.4379,-1.2839,-0.625,2.03,-0.041,person2
0.8273,-0.3554,-1.4708,-0.604,2.068,-0.04,person2
0.5301,-0.1812,-1.4666,-0.585,2.119,-0.04,person2
0.3297,0.0918,-1.3242,-0.606,2.404,-0.068,person2
0.6829,-0.212,-0.8444,-0.646,2.476,-0.085,person2
1.0074,0.078,-0.4828,-0.7,2.541,-0.102,person2
1.163,0.3777,-0.2514,-1.282,2.602,-0.241,person2
1.232,0.4761,-0.2396,-1.382,2.554,-0.261,person2
1.1759,0.4994,-0.1505,-1.76,2.065,-0.291,person2
1.0964,0.4945,0.0333,-1.619,1.028,-0.139,person2
0.9355,0.6673,0.1807,-1.227,0.223,0.071,person2
0.4712,0.9206,0.0482,-1.185,0.163,0.092,person2
0.3191,1.0095,-0.1912,-1.144,0.108,0.112,person2
0.2127,0.926,-0.3523,-1.103,0.057,0.134,person2
0.2574,0.5538,-0.3472,-1.071,0.01,0.153,person2
0.2707,0.1714,-0.0995,-0.957,-0.091,0.196,person2
0.3364,0.0526,0.0383,-0.939,-0.093,0.197,person2
0.163,0.5113,-0.0066,-0.921,-0.088,0.194,person2
-0.0544,0.7411,-0.4113,-0.907,-0.077,0.194,person2
-0.0321,0.514,-0.6889,-0.831,0.087,0.224,person2
0.1505,0.3022,-0.6774,-0.814,0.12,0.228,person2
0.3636,0.161,-0.768,-0.795,0.156,0.23,person2
0.6433,0.157,-1.4641,-0.672,0.355,0.243,person2
0.797,-0.1915,-1.6501,-0.647,0.389,0.237,person2
0.8597,-0.1889,-1.8722,-0.449,0.694,0.127,person2
1.0563,-0.3392,-2.0886,-0.235,0.749,0.017,person2
1.2453,-0.5121,-2.2099,-0.087,0.294,-0.006,person2
1.4373,-0.6468,-2.1811,-0.029,-0.267,0.088,person2
1.4106,-0.4306,-1.9579,-0.024,-0.301,0.101,person2
1.2837,-0.3148,-1.7747,-0.024,-0.33,0.113,person2
1.2256,-0.2529,-1.5247,-0.021,-0.352,0.125,person2
1.0775,-0.1608,-1.3321,-0.012,-0.379,0.16,person2
0.9455,-0.0391,-1.1475,-0.008,-0.377,0.166,person2
0.7003,-0.0727,-1.1704,-0.006,-0.368,0.174,person2
0.4005,0.2746,-0.9541,-0.002,-0.356,0.181,person2
0.1201,0.6696,-0.5989,0.023,-0.28,0.212,person2
0.0946,0.4312,-0.0929,0.027,-0.263,0.223,person2
0.1356,0.1804,0.0265,0.082,-0.181,0.285,person2
0.3319,0.4118,0.2601,0.152,-0.175,0.328,person2
0.8184,1.186,0.5603,0.152,-0.07,0.315,person2
2.0142,1.6747,1.2647,0.013,0.085,0.211,person2
3.3292,-1.9661,2.2802,-0.052,0.098,0.086,person2
4.12,-5.2715,1.7755,0.127,-0.052,-0.019,person2
3.8939,-2.875,-0.1285,0.154,-0.074,-0.031,person2
2.4607,-1.1304,-0.2642,0.184,-0.101,-0.041,person2
1.4643,-0.2391,-0.2395,0.312,-0.224,-0.084,person2
0.4379,0.2213,-0.1447,0.4,-0.275,-0.137,person2
-0.661,0.7374,-0.0465,0.41,-0.268,-0.148,person2
-1.7543,0.7556,-0.3847,0.414,-0.231,-0.17,person2
-2.8421,0.9534,-1.0979,0.354,0.266,-0.371,person2
-3.7472,1.4269,-3.4564,0.348,0.35,-0.404,person2
-3.4247,0.9171,-5.6845,0.343,0.433,-0.441,person2
-1.6359,0.7152,-4.369,0.337,0.513,-0.479,person2
-0.3736,0.0232,-2.0882,0.332,0.585,-0.521,person2
0.0003,-0.0294,-0.2752,0.355,0.691,-0.77,person2
-0.2542,-0.1532,1.4487,0.378,0.647,-0.802,person2
-0.3408,-0.3189,2.7419,0.486,0.261,-0.775,person2
-0.6349,-0.4215,3.2323,0.465,0.147,-0.718,person2
-1.0221,-0.8451,3.2295,0.444,0.089,-0.69,person2
-1.1517,-1.0793,3.4268,0.426,0.031,-0.661,person2
-0.8981,-1.3058,3.2053,0.406,-0.031,-0.632,person2
-0.7447,-1.3914,1.8046,0.386,-0.092,-0.608,person2
-0.5945,-1.17,0.4174,0.352,-0.274,-0.536,person2
-0.3599,-0.9795,0.2304,0.355,-0.397,-0.492,person2
-0.1134,-0.8503,0.8622,0.366,-0.459,-0.472,person2
0.064,-0.6766,1.3331,0.383,-0.518,-0.449,person2
0.1597,-1.0666,1.5259,0.708,-0.935,-0.233,person2
0.4376,-1.1062,2.0211,0.75,-0.976,-0.197,person2
0.9503,-0.6059,1.2808,0.787,-1.023,-0.164,person2
0.7259,-0.3738,0.1434,0.818,-1.072,-0.126,person2
-0.2305,-0.1706,-0.3785,0.838,-1.12,-0.088,person2
-1.9424,0.6294,0.3811,0.852,-1.174,-0.051,person2
-2.2592,0.877,0.2496,0.818,-1.406,0.095,person2
-1.9291,1.1862,0.7111,0.791,-1.47,0.12,person2
